Label,# Samples,Average,Median,90% Line,95% Line,99% Line,Min,Max,Error %,Throughput,Received KB/sec,Sent KB/sec
Pre-loaded Data for Run Thread Group:Transaction Controller (Load Data of Attribute and Tags for Save Article),1,7,7,7,7,7,7,7,0.000%,142.85714,0.00,0.00
Process Thread Group:Login Controller - Open Application ,1,138,138,138,138,138,138,138,0.000%,7.19424,8.27,10.06
Process Thread Group:Transaction Controller - Link ImageAsset to Multiple Articles(case 5),1,67104,67104,67104,67104,67104,67104,67104,0.000%,.01490,5.98,0.33
TOTAL,3,22416,138,67104,67104,67104,7,67104,0.000%,.04459,5.98,0.35
