Label,# Samples,Average,Median,90% Line,95% Line,99% Line,Min,Max,Error %,Throughput,Received KB/sec,Sent KB/sec
Pre-loaded Data for Run Thread Group:Transaction Controller (Load Data of Attribute and Tags for Save Article),1,9,9,9,9,9,9,9,0.000%,100.00000,0.00,0.00
Process Thread Group:Login Controller - Open Application ,1,164,164,164,164,164,164,164,0.000%,6.09756,7.01,8.53
Process Thread Group:Transaction Controller - Link ImageAsset to Multiple Articles(case 5),1,65871,65871,65871,65871,65871,65871,65871,0.000%,.01518,6.09,0.33
TOTAL,3,22014,164,65871,65871,65871,9,65871,0.000%,.04540,6.09,0.35
