Label,# Samples,Average,Median,90% Line,95% Line,99% Line,Min,Max,Error %,Throughput,Received KB/sec,Sent KB/sec
Pre-loaded Data for Run Thread Group:Transaction Controller (Load Data of Attribute and Tags for Save Article),1,6,6,6,6,6,6,6,0.000%,166.66667,0.00,0.00
Process Thread Group:Login Controller - Open Application ,1,135,135,135,135,135,135,135,0.000%,7.40741,8.51,10.36
Process Thread Group:Transaction Controller - Link ImageAsset to Multiple Articles(case 5),1,66925,66925,66925,66925,66925,66925,66925,0.000%,.01494,5.99,0.33
TOTAL,3,22355,135,66925,66925,66925,6,66925,0.000%,.04472,6.00,0.35
