Label,# Samples,Average,Median,90% Line,95% Line,99% Line,Min,Max,Error %,Throughput,Received KB/sec,Sent KB/sec
Pre-loaded Data for Run Thread Group:Transaction Controller (Load Data of Attribute and Tags for Save Article),1,6,6,6,6,6,6,6,0.000%,142.85714,0.00,0.00
Process Thread Group:Login Controller - Open Application ,1,155,155,155,155,155,155,155,0.000%,6.41026,7.37,8.96
Process Thread Group:Transaction Controller - Link ImageAsset to Multiple Articles(case 5),1,67679,67679,67679,67679,67679,67679,67679,0.000%,.01477,5.93,0.33
TOTAL,3,22613,155,67679,67679,67679,6,67679,0.000%,.04420,5.93,0.35
