Label,# Samples,Average,Median,90% Line,95% Line,99% Line,Min,Max,Error %,Throughput,Received KB/sec,Sent KB/sec
Pre-loaded Data for Run Thread Group:Transaction Controller (Load Data of Attribute and Tags for Save Article),1,6,6,6,6,6,6,6,0.000%,142.85714,0.00,0.00
Pre-loaded Data for Run Thread Group:Transaction Controller (Load Data of Attribute and Tags for Paramteric Search 2),1,3,3,3,3,3,3,3,0.000%,333.33333,0.00,0.00
Pre-loaded Data for Run Thread Group:Transaction Controller (Load Data of Attribute and Tags for Paramteric Search 3),1,42,42,42,42,42,42,42,0.000%,23.80952,0.00,0.00
Process Thread Group:Login Controller - Open Application ,20,718,713,782,809,861,624,861,0.000%,.68092,61.35,6.25
Process Thread Group:Transaction Controller - ParametricSearch 3 (Attribute and Tags) (case 4),20,5684,6608,7848,8407,8551,1444,8551,0.000%,.58109,41.28,4.09
TOTAL,43,2979,809,7400,7848,8551,3,8551,0.000%,1.22170,91.57,9.22
