Label,# Samples,Average,Median,90% Line,95% Line,99% Line,Min,Max,Error %,Throughput,Received KB/sec,Sent KB/sec
Pre-loaded Data for Run Thread Group:Transaction Controller (Load Data of Attribute and Tags for Save Article),1,7,7,7,7,7,7,7,0.000%,125.00000,0.00,0.00
Pre-loaded Data for Run Thread Group:Transaction Controller (Load Data of Attribute and Tags for Paramteric Search 2),1,2,2,2,2,2,2,2,0.000%,333.33333,0.00,0.00
Pre-loaded Data for Run Thread Group:Transaction Controller (Load Data of Attribute and Tags for Paramteric Search 3),1,51,51,51,51,51,51,51,0.000%,19.60784,0.00,0.00
Process Thread Group:Login Controller - Open Application ,20,927,717,759,806,5199,617,5199,0.000%,.58995,53.15,5.42
Process Thread Group:Transaction Controller - ParametricSearch 3 (Attribute and Tags) (case 4),20,5834,6789,7921,8660,9642,1456,9642,0.000%,.51509,36.59,3.63
TOTAL,43,3146,806,7493,7921,9642,2,9642,0.000%,1.08660,81.44,8.20
