Label,# Samples,Average,Median,90% Line,95% Line,99% Line,Min,Max,Error %,Throughput,Received KB/sec,Sent KB/sec
Pre-loaded Data for Run Thread Group:Transaction Controller (Load Data of Attribute and Tags for Save Article),1,6,6,6,6,6,6,6,0.000%,166.66667,0.00,0.00
Pre-loaded Data for Run Thread Group:Transaction Controller (Load Data of Attribute and Tags for Paramteric Search 2),1,2,2,2,2,2,2,2,0.000%,333.33333,0.00,0.00
Pre-loaded Data for Run Thread Group:Transaction Controller (Load Data of Attribute and Tags for Paramteric Search 3),1,42,42,42,42,42,42,42,0.000%,23.80952,0.00,0.00
Process Thread Group:Login Controller - Open Application ,20,1223,740,1193,1272,9609,622,9609,0.000%,.68173,61.42,6.26
Process Thread Group:Transaction Controller - ParametricSearch 3 (Attribute and Tags) (case 4),20,5753,6445,7737,8239,8716,1505,8716,0.000%,.57901,41.13,4.08
TOTAL,43,3245,1272,7681,8239,9609,2,9609,0.000%,1.22007,91.44,9.21
