Label,# Samples,Average,Median,90% Line,95% Line,99% Line,Min,Max,Error %,Throughput,Received KB/sec,Sent KB/sec
Pre-loaded Data for Run Thread Group:Transaction Controller (Load Data of Attribute and Tags for Save Article),1,6,6,6,6,6,6,6,0.000%,142.85714,0.00,0.00
Pre-loaded Data for Run Thread Group:Transaction Controller (Load Data of Attribute and Tags for Paramteric Search 2),1,3,3,3,3,3,3,3,0.000%,333.33333,0.00,0.00
Pre-loaded Data for Run Thread Group:Transaction Controller (Load Data of Attribute and Tags for Paramteric Search 3),1,78,78,78,78,78,78,78,0.000%,12.82051,0.00,0.00
Process Thread Group:Login Controller - Open Application ,10,779,759,940,940,1024,644,1024,0.000%,1.80083,165.90,16.54
Process Thread Group:Transaction Controller - ParametricSearch 3 (Attribute and Tags) (case 4),10,11403,11203,12318,12318,13397,9728,13397,0.000%,.64408,47.01,4.54
TOTAL,23,5300,940,11847,12318,13397,3,13397,0.000%,1.41087,101.28,9.96
