Label,# Samples,Average,Median,90% Line,95% Line,99% Line,Min,Max,Error %,Throughput,Received KB/sec,Sent KB/sec
Pre-loaded Data for Run Thread Group:Transaction Controller (Load Data of Attribute and Tags for Save Article),1,7,7,7,7,7,7,7,0.000%,111.11111,0.00,0.00
Pre-loaded Data for Run Thread Group:Transaction Controller (Load Data of Attribute and Tags for Paramteric Search 2),1,2,2,2,2,2,2,2,0.000%,333.33333,0.00,0.00
Pre-loaded Data for Run Thread Group:Transaction Controller (Load Data of Attribute and Tags for Paramteric Search 3),1,74,74,74,74,74,74,74,0.000%,13.51351,0.00,0.00
Process Thread Group:Login Controller - Open Application ,10,770,705,902,902,1112,648,1112,0.000%,1.75316,161.52,16.10
Process Thread Group:Transaction Controller - ParametricSearch 3 (Attribute and Tags) (case 4),10,11373,11290,12341,12341,13053,9685,13053,0.000%,.64404,47.00,4.54
TOTAL,23,5283,902,12069,12341,13053,2,13053,0.000%,1.42019,101.95,10.02
