Label,# Samples,Average,Median,90% Line,95% Line,99% Line,Min,Max,Error %,Throughput,Received KB/sec,Sent KB/sec
Pre-loaded Data for Run Thread Group:Transaction Controller (Load Data of Attribute and Tags for Save Article),1,6,6,6,6,6,6,6,0.000%,142.85714,0.00,0.00
Pre-loaded Data for Run Thread Group:Transaction Controller (Load Data of Attribute and Tags for Paramteric Search 2),1,3,3,3,3,3,3,3,0.000%,250.00000,0.00,0.00
Pre-loaded Data for Run Thread Group:Transaction Controller (Load Data of Attribute and Tags for Paramteric Search 3),1,76,76,76,76,76,76,76,0.000%,13.15789,0.00,0.00
Process Thread Group:Login Controller - Open Application ,10,808,730,1077,1077,1099,641,1099,0.000%,1.76180,162.32,16.18
Process Thread Group:Transaction Controller - ParametricSearch 3 (Attribute and Tags) (case 4),10,11312,10906,12388,12388,13356,9545,13356,0.000%,.65759,47.99,4.63
TOTAL,23,5273,1077,12320,12388,13356,3,13356,0.000%,1.44137,103.48,10.17
