Label,# Samples,Average,Median,90% Line,95% Line,99% Line,Min,Max,Error %,Throughput,Received KB/sec,Sent KB/sec
Pre-loaded Data for Run Thread Group:Transaction Controller (Load Data of Attribute and Tags for Save Article),1,7,7,7,7,7,7,7,0.000%,142.85714,0.00,0.00
Pre-loaded Data for Run Thread Group:Transaction Controller (Load Data of Attribute and Tags for Paramteric Search 2),1,2,2,2,2,2,2,2,0.000%,250.00000,0.00,0.00
Pre-loaded Data for Run Thread Group:Transaction Controller (Load Data of Attribute and Tags for Paramteric Search 3),1,73,73,73,73,73,73,73,0.000%,13.69863,0.00,0.00
Process Thread Group:Login Controller - Open Application ,20,727,678,805,820,1235,624,1235,0.000%,.67999,61.26,6.24
Process Thread Group:Transaction Controller - ParametricSearch 3 (Attribute and Tags) (case 4),20,5958,7136,7943,8181,9350,1475,9350,0.000%,.58097,41.28,4.09
TOTAL,43,3111,820,7926,7943,9350,2,9350,0.000%,1.22111,91.52,9.22
