Label,# Samples,Average,Median,90% Line,95% Line,99% Line,Min,Max,Error %,Throughput,Received KB/sec,Sent KB/sec
Pre-loaded Data for Run Thread Group:Transaction Controller (Load Data of Attribute and Tags for Save Article),1,7,7,7,7,7,7,7,0.000%,125.00000,0.00,0.00
Pre-loaded Data for Run Thread Group:Transaction Controller (Load Data of Attribute and Tags for Paramteric Search 2),1,3,3,3,3,3,3,3,0.000%,333.33333,0.00,0.00
Pre-loaded Data for Run Thread Group:Transaction Controller (Load Data of Attribute and Tags for Paramteric Search 3),1,78,78,78,78,78,78,78,0.000%,12.82051,0.00,0.00
Process Thread Group:Login Controller - Open Application ,10,1601,729,785,785,9445,651,9445,0.000%,.87009,80.17,7.99
Process Thread Group:Transaction Controller - ParametricSearch 3 (Attribute and Tags) (case 4),10,10208,10376,11441,11441,12414,6582,12414,0.000%,.57614,42.05,4.06
TOTAL,23,5138,785,11105,11441,12414,3,12414,0.000%,1.27114,91.26,8.97
