Label,# Samples,Average,Median,90% Line,95% Line,99% Line,Min,Max,Error %,Throughput,Received KB/sec,Sent KB/sec
Process Thread Group:Login Controller - Open Application ,10,98,93,98,98,159,84,159,0.000%,9.70874,16.77,8.14
Process Thread Group:Switch To MxM Module,10,10,9,15,15,16,7,16,0.000%,11.32503,15.28,6.46
Process Thread Group:Open Dashboard,10,9,9,12,12,13,6,13,0.000%,11.32503,14.43,6.48
Process Thread Group:OpenDashboardTab,10,12,12,13,13,24,7,24,0.000%,11.29944,40.92,6.38
TOTAL,40,32,12,95,96,159,6,159,0.000%,37.73585,75.21,24.02
