Label,# Samples,Average,Median,90% Line,95% Line,99% Line,Min,Max,Error %,Throughput,Received KB/sec,Sent KB/sec
Process Thread Group:Login Controller - Open Application ,10,99,92,104,104,176,80,176,0.000%,9.91080,17.12,8.31
Process Thread Group:Switch To MxM Module,10,12,13,16,16,17,8,17,0.000%,11.89061,16.04,6.78
Process Thread Group:Open Dashboard,10,11,12,16,16,17,7,17,0.000%,11.91895,15.19,6.82
Process Thread Group:OpenDashboardTab,10,12,11,13,13,33,8,33,0.000%,11.84834,42.90,6.69
TOTAL,40,34,13,93,93,176,7,176,0.000%,38.61004,76.95,24.57
