Label,# Samples,Average,Median,90% Line,95% Line,99% Line,Min,Max,Error %,Throughput,Received KB/sec,Sent KB/sec
Process Thread Group:Login Controller - Open Application ,10,95,91,98,98,142,82,142,0.000%,9.88142,17.07,8.29
Process Thread Group:Switch To MxM Module,10,10,10,13,13,14,7,14,0.000%,11.40251,15.39,6.50
Process Thread Group:Open Dashboard,10,10,9,14,14,15,6,15,0.000%,11.41553,14.55,6.53
Process Thread Group:OpenDashboardTab,10,13,12,15,15,31,8,31,0.000%,11.31222,40.96,6.39
TOTAL,40,32,13,93,96,142,6,142,0.000%,38.35091,76.43,24.41
