Label,# Samples,Average,Median,90% Line,95% Line,99% Line,Min,Max,Error %,Throughput,Received KB/sec,Sent KB/sec
Process Thread Group:Login Controller - Open Application ,10,95,87,95,95,154,83,154,0.000%,9.81354,16.95,8.23
Process Thread Group:Switch To MxM Module,10,10,8,14,14,16,6,16,0.000%,11.35074,15.32,6.47
Process Thread Group:Open Dashboard,10,12,12,16,16,16,8,16,0.000%,11.32503,14.43,6.48
Process Thread Group:OpenDashboardTab,10,12,9,13,13,31,6,31,0.000%,11.29944,40.92,6.38
TOTAL,40,32,13,90,93,154,6,154,0.000%,37.91469,75.57,24.13
