Label,# Samples,Average,Median,90% Line,95% Line,99% Line,Min,Max,Error %,Throughput,Received KB/sec,Sent KB/sec
Pre-loaded Data for Run Thread Group:Transaction Controller (Load Data of Attribute and Tags for Save Article),1,8,8,8,8,8,8,8,0.000%,125.00000,0.00,0.00
Pre-loaded Data for Run Thread Group:Transaction Controller (Load Data of Attribute and Tags for Paramteric Search 2),1,4,4,4,4,4,4,4,0.000%,200.00000,0.00,0.00
Pre-loaded Data for Run Thread Group:Transaction Controller (Load Data of Attribute and Tags for Paramteric Search 3),1,4,4,4,4,4,4,4,0.000%,250.00000,0.00,0.00
Process Thread Group:Login Controller - Open Application ,1,174,174,174,174,174,174,174,0.000%,5.74713,6.61,8.04
Process Thread Group:Transaction Controller - Invalid Input,1,1,1,1,1,1,1,1,0.000%,1000.00000,0.00,0.00
Process Thread Group:Transaction Controller - Simple Search (case 1),1,4100,4100,4100,4100,4100,4100,4100,0.000%,.24384,26.78,0.57
Process Thread Group:Transaction Controller - ParametricSearch 1 (taxonomy) (case 2),1,1586,1586,1586,1586,1586,1586,1586,0.000%,.62933,37.18,2.44
Process Thread Group:Transaction Controller - ParametricSearch 2 (Attribute and Tags) (case 3),1,2389,2389,2389,2389,2389,2389,2389,0.000%,.41806,47.09,1.44
Process Thread Group:Transaction Controller - ParametricSearch 3 (Attribute and Tags) (case 4),1,1687,1687,1687,1687,1687,1687,1687,0.000%,.59172,39.31,4.37
TOTAL,9,1105,174,2389,4100,4100,1,4100,0.000%,.90289,35.03,1.85
