Label,# Samples,Average,Median,90% Line,95% Line,99% Line,Min,Max,Error %,Throughput,Received KB/sec,Sent KB/sec
Pre-loaded Data for Run Thread Group:Transaction Controller (Load Data of Attribute and Tags for Save Article),1,6,6,6,6,6,6,6,0.000%,125.00000,0.00,0.00
Pre-loaded Data for Run Thread Group:Transaction Controller (Load Data of Attribute and Tags for Paramteric Search 2),1,3,3,3,3,3,3,3,0.000%,250.00000,0.00,0.00
Pre-loaded Data for Run Thread Group:Transaction Controller (Load Data of Attribute and Tags for Paramteric Search 3),1,3,3,3,3,3,3,3,0.000%,333.33333,0.00,0.00
Process Thread Group:Login Controller - Open Application ,1,193,193,193,193,193,193,193,0.000%,5.18135,5.96,7.25
Process Thread Group:Transaction Controller - Invalid Input,1,0,0,0,0,0,0,0,0.000%,∞,0.00,0.00
Process Thread Group:Transaction Controller - Simple Search (case 1),1,4430,4430,4430,4430,4430,4430,4430,0.000%,.22573,24.79,0.52
Process Thread Group:Transaction Controller - ParametricSearch 1 (taxonomy) (case 2),1,1631,1631,1631,1631,1631,1631,1631,0.000%,.61050,36.06,2.37
Process Thread Group:Transaction Controller - ParametricSearch 2 (Attribute and Tags) (case 3),1,2337,2337,2337,2337,2337,2337,2337,0.000%,.42680,48.08,1.47
Process Thread Group:Transaction Controller - ParametricSearch 3 (Attribute and Tags) (case 4),1,1666,1666,1666,1666,1666,1666,1666,0.000%,.59737,39.68,4.42
TOTAL,9,1141,193,2337,4430,4430,0,4430,0.000%,.87396,33.90,1.79
