Label,# Samples,Average,Median,90% Line,95% Line,99% Line,Min,Max,Error %,Throughput,Received KB/sec,Sent KB/sec
Pre-loaded Data for Run Thread Group:Transaction Controller (Load Data of Attribute and Tags for Save Article),1,7,7,7,7,7,7,7,0.000%,142.85714,0.00,0.00
Pre-loaded Data for Run Thread Group:Transaction Controller (Load Data of Attribute and Tags for Paramteric Search 2),1,3,3,3,3,3,3,3,0.000%,250.00000,0.00,0.00
Pre-loaded Data for Run Thread Group:Transaction Controller (Load Data of Attribute and Tags for Paramteric Search 3),1,3,3,3,3,3,3,3,0.000%,333.33333,0.00,0.00
Process Thread Group:Login Controller - Open Application ,1,156,156,156,156,156,156,156,0.000%,6.36943,7.32,8.91
Process Thread Group:Transaction Controller - Invalid Input,1,1,1,1,1,1,1,1,0.000%,1000.00000,0.00,0.00
Process Thread Group:Transaction Controller - Simple Search (case 1),1,4173,4173,4173,4173,4173,4173,4173,0.000%,.23964,26.31,0.56
Process Thread Group:Transaction Controller - ParametricSearch 1 (taxonomy) (case 2),1,1554,1554,1554,1554,1554,1554,1554,0.000%,.64226,37.94,2.49
Process Thread Group:Transaction Controller - ParametricSearch 2 (Attribute and Tags) (case 3),1,2392,2392,2392,2392,2392,2392,2392,0.000%,.41806,47.10,1.44
Process Thread Group:Transaction Controller - ParametricSearch 3 (Attribute and Tags) (case 4),1,1760,1760,1760,1760,1760,1760,1760,0.000%,.56721,37.70,4.19
TOTAL,9,1116,156,2392,4173,4173,1,4173,0.000%,.89481,34.71,1.83
