Label,# Samples,Average,Median,90% Line,95% Line,99% Line,Min,Max,Error %,Throughput,Received KB/sec,Sent KB/sec
Pre-loaded Data for Run Thread Group:Transaction Controller (Load Data of Attribute and Tags for Save Article),1,9,9,9,9,9,9,9,0.000%,111.11111,0.00,0.00
Pre-loaded Data for Run Thread Group:Transaction Controller (Load Data of Attribute and Tags for Paramteric Search 2),1,4,4,4,4,4,4,4,0.000%,250.00000,0.00,0.00
Pre-loaded Data for Run Thread Group:Transaction Controller (Load Data of Attribute and Tags for Paramteric Search 3),1,4,4,4,4,4,4,4,0.000%,250.00000,0.00,0.00
Process Thread Group:Login Controller - Open Application ,1,158,158,158,158,158,158,158,0.000%,6.25000,7.18,8.74
Process Thread Group:Transaction Controller - Invalid Input,1,0,0,0,0,0,0,0,0.000%,∞,0.00,0.00
Process Thread Group:Transaction Controller - Simple Search (case 1),1,4119,4119,4119,4119,4119,4119,4119,0.000%,.24272,26.66,0.56
Process Thread Group:Transaction Controller - ParametricSearch 1 (taxonomy) (case 2),1,1552,1552,1552,1552,1552,1552,1552,0.000%,.64267,37.97,2.49
Process Thread Group:Transaction Controller - ParametricSearch 2 (Attribute and Tags) (case 3),1,2323,2323,2323,2323,2323,2323,2323,0.000%,.43011,48.46,1.48
Process Thread Group:Transaction Controller - ParametricSearch 3 (Attribute and Tags) (case 4),1,1642,1642,1642,1642,1642,1642,1642,0.000%,.60827,40.41,4.50
TOTAL,9,1090,158,2323,4119,4119,0,4119,0.000%,.91640,35.55,1.88
