user1,dXNlcjE6OlNvbWZ5MTIzNA==
user2,dXNlcjE6OlNvbWZ5MTIzNA==
user3,dXNlcjE6OlNvbWZ5MTIzNA==
user4,dXNlcjE6OlNvbWZ5MTIzNA==
user5,dXNlcjE6OlNvbWZ5MTIzNA==
user6,dXNlcjE6OlNvbWZ5MTIzNA==
user7,dXNlcjE6OlNvbWZ5MTIzNA==
user8,dXNlcjE6OlNvbWZ5MTIzNA==
user9,dXNlcjE6OlNvbWZ5MTIzNA==
user10,dXNlcjE6OlNvbWZ5MTIzNA==
user11,dXNlcjE6OlNvbWZ5MTIzNA==
user12,dXNlcjE6OlNvbWZ5MTIzNA==
user13,dXNlcjE6OlNvbWZ5MTIzNA==
user14,dXNlcjE6OlNvbWZ5MTIzNA==
user15,dXNlcjE6OlNvbWZ5MTIzNA==
user16,dXNlcjE6OlNvbWZ5MTIzNA==
user17,dXNlcjE6OlNvbWZ5MTIzNA==
user18,dXNlcjE6OlNvbWZ5MTIzNA==
user19,dXNlcjE6OlNvbWZ5MTIzNA==
user20,dXNlcjE6OlNvbWZ5MTIzNA==
user21,dXNlcjE6OlNvbWZ5MTIzNA==
user22,dXNlcjE6OlNvbWZ5MTIzNA==
user23,dXNlcjE6OlNvbWZ5MTIzNA==
user24,dXNlcjE6OlNvbWZ5MTIzNA==
user25,dXNlcjE6OlNvbWZ5MTIzNA==
user26,dXNlcjE6OlNvbWZ5MTIzNA==
user27,dXNlcjE6OlNvbWZ5MTIzNA==
user28,dXNlcjE6OlNvbWZ5MTIzNA==
user29,dXNlcjE6OlNvbWZ5MTIzNA==
user30,dXNlcjE6OlNvbWZ5MTIzNA==
user31,dXNlcjE6OlNvbWZ5MTIzNA==
user32,dXNlcjE6OlNvbWZ5MTIzNA==
user33,dXNlcjE6OlNvbWZ5MTIzNA==
user34,dXNlcjE6OlNvbWZ5MTIzNA==
user35,dXNlcjE6OlNvbWZ5MTIzNA==
user36,dXNlcjE6OlNvbWZ5MTIzNA==
user37,dXNlcjE6OlNvbWZ5MTIzNA==
user38,dXNlcjE6OlNvbWZ5MTIzNA==
user39,dXNlcjE6OlNvbWZ5MTIzNA==
user40,dXNlcjE6OlNvbWZ5MTIzNA==
user41,dXNlcjE6OlNvbWZ5MTIzNA==
user42,dXNlcjE6OlNvbWZ5MTIzNA==
user43,dXNlcjE6OlNvbWZ5MTIzNA==
user44,dXNlcjE6OlNvbWZ5MTIzNA==
user45,dXNlcjE6OlNvbWZ5MTIzNA==
user46,dXNlcjE6OlNvbWZ5MTIzNA==
user47,dXNlcjE6OlNvbWZ5MTIzNA==
user48,dXNlcjE6OlNvbWZ5MTIzNA==
user49,dXNlcjE6OlNvbWZ5MTIzNA==
user50,dXNlcjE6OlNvbWZ5MTIzNA==
user51,dXNlcjE6OlNvbWZ5MTIzNA==
user52,dXNlcjE6OlNvbWZ5MTIzNA==
user53,dXNlcjE6OlNvbWZ5MTIzNA==
user54,dXNlcjE6OlNvbWZ5MTIzNA==
user55,dXNlcjE6OlNvbWZ5MTIzNA==
user56,dXNlcjE6OlNvbWZ5MTIzNA==
user57,dXNlcjE6OlNvbWZ5MTIzNA==
user58,dXNlcjE6OlNvbWZ5MTIzNA==
user59,dXNlcjE6OlNvbWZ5MTIzNA==
user60,dXNlcjE6OlNvbWZ5MTIzNA==
user61,dXNlcjE6OlNvbWZ5MTIzNA==
user62,dXNlcjE6OlNvbWZ5MTIzNA==
user63,dXNlcjE6OlNvbWZ5MTIzNA==
user64,dXNlcjE6OlNvbWZ5MTIzNA==
user65,dXNlcjE6OlNvbWZ5MTIzNA==
user66,dXNlcjE6OlNvbWZ5MTIzNA==
user67,dXNlcjE6OlNvbWZ5MTIzNA==
user68,dXNlcjE6OlNvbWZ5MTIzNA==
user69,dXNlcjE6OlNvbWZ5MTIzNA==
user70,dXNlcjE6OlNvbWZ5MTIzNA==
user71,dXNlcjE6OlNvbWZ5MTIzNA==
user72,dXNlcjE6OlNvbWZ5MTIzNA==
user73,dXNlcjE6OlNvbWZ5MTIzNA==
user74,dXNlcjE6OlNvbWZ5MTIzNA==
user75,dXNlcjE6OlNvbWZ5MTIzNA==
user76,dXNlcjE6OlNvbWZ5MTIzNA==
user77,dXNlcjE6OlNvbWZ5MTIzNA==
user78,dXNlcjE6OlNvbWZ5MTIzNA==
user79,dXNlcjE6OlNvbWZ5MTIzNA==
user80,dXNlcjE6OlNvbWZ5MTIzNA==
user81,dXNlcjE6OlNvbWZ5MTIzNA==
user82,dXNlcjE6OlNvbWZ5MTIzNA==
user83,dXNlcjE6OlNvbWZ5MTIzNA==
user84,dXNlcjE6OlNvbWZ5MTIzNA==
user85,dXNlcjE6OlNvbWZ5MTIzNA==
user86,dXNlcjE6OlNvbWZ5MTIzNA==
user87,dXNlcjE6OlNvbWZ5MTIzNA==
user88,dXNlcjE6OlNvbWZ5MTIzNA==
user89,dXNlcjE6OlNvbWZ5MTIzNA==
user90,dXNlcjE6OlNvbWZ5MTIzNA==
user91,dXNlcjE6OlNvbWZ5MTIzNA==
user92,dXNlcjE6OlNvbWZ5MTIzNA==
user93,dXNlcjE6OlNvbWZ5MTIzNA==
user94,dXNlcjE6OlNvbWZ5MTIzNA==
user95,dXNlcjE6OlNvbWZ5MTIzNA==
user96,dXNlcjE6OlNvbWZ5MTIzNA==
user97,dXNlcjE6OlNvbWZ5MTIzNA==
user98,dXNlcjE6OlNvbWZ5MTIzNA==
user99,dXNlcjE6OlNvbWZ5MTIzNA==
user100,dXNlcjE6OlNvbWZ5MTIzNA==
user101,dXNlcjE6OlNvbWZ5MTIzNA==
user102,dXNlcjE6OlNvbWZ5MTIzNA==
user103,dXNlcjE6OlNvbWZ5MTIzNA==
user104,dXNlcjE6OlNvbWZ5MTIzNA==
user105,dXNlcjE6OlNvbWZ5MTIzNA==
user106,dXNlcjE6OlNvbWZ5MTIzNA==
user107,dXNlcjE6OlNvbWZ5MTIzNA==
user108,dXNlcjE6OlNvbWZ5MTIzNA==
user109,dXNlcjE6OlNvbWZ5MTIzNA==
user110,dXNlcjE6OlNvbWZ5MTIzNA==
user111,dXNlcjE6OlNvbWZ5MTIzNA==
user112,dXNlcjE6OlNvbWZ5MTIzNA==
user113,dXNlcjE6OlNvbWZ5MTIzNA==
user114,dXNlcjE6OlNvbWZ5MTIzNA==
user115,dXNlcjE6OlNvbWZ5MTIzNA==
user116,dXNlcjE6OlNvbWZ5MTIzNA==
user117,dXNlcjE6OlNvbWZ5MTIzNA==
user118,dXNlcjE6OlNvbWZ5MTIzNA==
user119,dXNlcjE6OlNvbWZ5MTIzNA==
user120,dXNlcjE6OlNvbWZ5MTIzNA==
user121,dXNlcjE6OlNvbWZ5MTIzNA==
user122,dXNlcjE6OlNvbWZ5MTIzNA==
user123,dXNlcjE6OlNvbWZ5MTIzNA==
user124,dXNlcjE6OlNvbWZ5MTIzNA==
user125,dXNlcjE6OlNvbWZ5MTIzNA==
user126,dXNlcjE6OlNvbWZ5MTIzNA==
user127,dXNlcjE6OlNvbWZ5MTIzNA==
user128,dXNlcjE6OlNvbWZ5MTIzNA==
user129,dXNlcjE6OlNvbWZ5MTIzNA==
user130,dXNlcjE6OlNvbWZ5MTIzNA==
user131,dXNlcjE6OlNvbWZ5MTIzNA==
user132,dXNlcjE6OlNvbWZ5MTIzNA==
user133,dXNlcjE6OlNvbWZ5MTIzNA==
user134,dXNlcjE6OlNvbWZ5MTIzNA==
user135,dXNlcjE6OlNvbWZ5MTIzNA==
user136,dXNlcjE6OlNvbWZ5MTIzNA==
user137,dXNlcjE6OlNvbWZ5MTIzNA==
user138,dXNlcjE6OlNvbWZ5MTIzNA==
user139,dXNlcjE6OlNvbWZ5MTIzNA==
user140,dXNlcjE6OlNvbWZ5MTIzNA==
user141,dXNlcjE6OlNvbWZ5MTIzNA==
user142,dXNlcjE6OlNvbWZ5MTIzNA==
user143,dXNlcjE6OlNvbWZ5MTIzNA==
user144,dXNlcjE6OlNvbWZ5MTIzNA==
user145,dXNlcjE6OlNvbWZ5MTIzNA==
user146,dXNlcjE6OlNvbWZ5MTIzNA==
user147,dXNlcjE6OlNvbWZ5MTIzNA==
user148,dXNlcjE6OlNvbWZ5MTIzNA==
user149,dXNlcjE6OlNvbWZ5MTIzNA==
user150,dXNlcjE6OlNvbWZ5MTIzNA==
