tag1,tag_cablecolor,tag_type_yes_neutral,tag_cablecolor_BLA,range,100,100,com.cs.runtime.interactor.model.klassinstance.filter.FilterValueRangeModel
tag2,tag_cablecolor,tag_type_yes_neutral,tag_cablecolor_WHI,range,100,100,com.cs.runtime.interactor.model.klassinstance.filter.FilterValueRangeModel
tag3,tag_cableplug,tag_type_yes_neutral,tag_cableplug_1,range,100,100,com.cs.runtime.interactor.model.klassinstance.filter.FilterValueRangeModel
tag4,tag_cableplug,tag_type_yes_neutral,tag_cableplug_4,range,100,100,com.cs.runtime.interactor.model.klassinstance.filter.FilterValueRangeModel
tag5,tag_cabletype,tag_type_yes_neutral,tag_cabletype_3,range,100,100,com.cs.runtime.interactor.model.klassinstance.filter.FilterValueRangeModel
tag6,tag_cabletype,tag_type_yes_neutral,tag_cabletype_4,range,100,100,com.cs.runtime.interactor.model.klassinstance.filter.FilterValueRangeModel
tag7,tag_cabletype,tag_type_yes_neutral,tag_cabletype_5,range,100,100,com.cs.runtime.interactor.model.klassinstance.filter.FilterValueRangeModel
tag8,tag_fam_det,tag_type_yes_neutral,6bce5490-e9bb-4b99-8970-4b83f6162b86,range,100,100,com.cs.runtime.interactor.model.klassinstance.filter.FilterValueRangeModel
tag9,tag_fam_det,tag_type_yes_neutral,95547dfd-54f4-472c-a53c-8474b8eb076b,range,100,100,com.cs.runtime.interactor.model.klassinstance.filter.FilterValueRangeModel
tag10,tag_fam_det,tag_type_yes_neutral,tag_fam_det_ACCCO_ANT,range,100,100,com.cs.runtime.interactor.model.klassinstance.filter.FilterValueRangeModel
tag11,tag_fam_det,tag_type_yes_neutral,tag_fam_det_ACCCO_BAT,range,100,100,com.cs.runtime.interactor.model.klassinstance.filter.FilterValueRangeModel
tag12,tag_fam_det,tag_type_yes_neutral,tag_fam_det_ACCCO_CAB,range,100,100,com.cs.runtime.interactor.model.klassinstance.filter.FilterValueRangeModel
tag13,tag_fam_det,tag_type_yes_neutral,tag_fam_det_ACCCO_DOPHO,range,100,100,com.cs.runtime.interactor.model.klassinstance.filter.FilterValueRangeModel
tag14,tag_headtype,tag_type_yes_neutral,tag_headtype_1,range,100,100,com.cs.runtime.interactor.model.klassinstance.filter.FilterValueRangeModel
tag15,tag_headtype,tag_type_yes_neutral,tag_headtype_2,range,100,100,com.cs.runtime.interactor.model.klassinstance.filter.FilterValueRangeModel
tag16,tag_headtype,tag_type_yes_neutral,tag_headtype_3,range,100,100,com.cs.runtime.interactor.model.klassinstance.filter.FilterValueRangeModel
tag17,tag_headtype,tag_type_yes_neutral,tag_headtype_4,range,100,100,com.cs.runtime.interactor.model.klassinstance.filter.FilterValueRangeModel
tag18,tag_mainfunc,tag_type_yes_neutral,tag_mainfunc_AFS,range,100,100,com.cs.runtime.interactor.model.klassinstance.filter.FilterValueRangeModel
tag19,tag_mainfunc,tag_type_yes_neutral,tag_mainfunc_ANT,range,100,100,com.cs.runtime.interactor.model.klassinstance.filter.FilterValueRangeModel
tag20,tag_mainfunc,tag_type_yes_neutral,tag_mainfunc_ARM,range,100,100,com.cs.runtime.interactor.model.klassinstance.filter.FilterValueRangeModel
