Label,# Samples,Average,Median,90% Line,95% Line,99% Line,Min,Max,Error %,Throughput,Received KB/sec,Sent KB/sec
Pre-loaded Data for Run Thread Group:Transaction Controller (Load Data of Attribute and Tags for Save Article),1,16,16,16,16,16,16,16,0.000%,58.82353,0.00,0.00
Process Thread Group - 2:Login Controller - Open Application-SomfyLoad test- PXP-19.1 (1),1,159,159,159,159,159,159,159,0.000%,6.25000,5.01,5.40
Process Thread Group - 2:Transaction Controller - Save Article (case 5),1000,3557,3532,3691,3763,4024,3311,5076,0.000%,.17928,60.87,3.74
Process Thread Group - 2:BeanShell Sampler,1000,2000,2000,2001,2001,2002,1999,2002,0.000%,.17933,0.00,0.00
TOTAL,2002,2776,2002,3626,3691,3893,16,5076,0.000%,.35878,60.84,3.74
