Label,# Samples,Average,Median,90% Line,95% Line,99% Line,Min,Max,Error %,Throughput,Received KB/sec,Sent KB/sec
Pre-loaded Data for Run Thread Group:Transaction Controller (Load Data of Attribute and Tags for Save Article),1,11,11,11,11,11,11,11,0.000%,90.90909,0.00,0.00
Pre-loaded Data for Run Thread Group:Transaction Controller (Load Data of Attribute and Tags for Paramteric Search 2),1,4,4,4,4,4,4,4,0.000%,200.00000,0.00,0.00
Pre-loaded Data for Run Thread Group:Transaction Controller (Load Data of Attribute and Tags for Paramteric Search 3),1,120,120,120,120,120,120,120,0.000%,8.33333,0.00,0.00
Process Thread Group:Login Controller - Open Application ,50,6658,4708,13138,15635,27033,707,27033,0.000%,1.46084,134.59,13.42
Process Thread Group:Transaction Controller - ParametricSearch 2 (Attribute and Tags) (case 3),50,31890,31878,38605,40661,43722,15647,43722,0.000%,.98472,136.82,3.30
TOTAL,103,18714,17637,34711,38605,41988,4,43722,0.000%,1.99690,224.00,12.15
