Label,# Samples,Average,Median,90% Line,95% Line,99% Line,Min,Max,Error %,Throughput,Received KB/sec,Sent KB/sec
Pre-loaded Data for Run Thread Group:Transaction Controller (Load Data of Attribute and Tags for Save Article),1,8,8,8,8,8,8,8,0.000%,111.11111,0.00,0.00
Pre-loaded Data for Run Thread Group:Transaction Controller (Load Data of Attribute and Tags for Paramteric Search 2),1,4,4,4,4,4,4,4,0.000%,250.00000,0.00,0.00
Pre-loaded Data for Run Thread Group:Transaction Controller (Load Data of Attribute and Tags for Paramteric Search 3),1,119,119,119,119,119,119,119,0.000%,8.40336,0.00,0.00
Process Thread Group:Login Controller - Open Application ,50,5263,5081,8540,10119,19657,670,19657,0.000%,2.16685,199.63,19.90
Process Thread Group:Transaction Controller - ParametricSearch 2 (Attribute and Tags) (case 3),50,34048,33037,42914,43782,49738,18576,49738,0.000%,.96869,134.59,3.25
TOTAL,103,19084,10666,38290,42914,47174,4,49738,0.000%,1.96674,220.61,11.97
