Label,# Samples,Average,Median,90% Line,95% Line,99% Line,Min,Max,Error %,Throughput,Received KB/sec,Sent KB/sec
Pre-loaded Data for Run Thread Group:Transaction Controller (Load Data of Attribute and Tags for Save Article),1,6,6,6,6,6,6,6,0.000%,125.00000,0.00,0.00
Pre-loaded Data for Run Thread Group:Transaction Controller (Load Data of Attribute and Tags for Paramteric Search 2),1,2,2,2,2,2,2,2,0.000%,333.33333,0.00,0.00
Pre-loaded Data for Run Thread Group:Transaction Controller (Load Data of Attribute and Tags for Paramteric Search 3),1,111,111,111,111,111,111,111,0.000%,9.00901,0.00,0.00
Process Thread Group:Login Controller - Open Application ,50,6767,4620,10482,22169,27316,743,27316,0.000%,1.34851,124.24,12.38
Process Thread Group:Transaction Controller - ParametricSearch 2 (Attribute and Tags) (case 3),50,32090,31980,39778,43810,47239,14909,47239,0.000%,.97622,135.64,3.27
TOTAL,103,18864,17977,35841,39778,44540,2,47239,0.000%,1.98062,222.17,12.05
