Label,# Samples,Average,Median,90% Line,95% Line,99% Line,Min,Max,Error %,Throughput,Received KB/sec,Sent KB/sec
Pre-loaded Data for Run Thread Group:Transaction Controller (Load Data of Attribute and Tags for Save Article),1,9,9,9,9,9,9,9,0.000%,111.11111,0.00,0.00
Pre-loaded Data for Run Thread Group:Transaction Controller (Load Data of Attribute and Tags for Paramteric Search 2),1,3,3,3,3,3,3,3,0.000%,250.00000,0.00,0.00
Pre-loaded Data for Run Thread Group:Transaction Controller (Load Data of Attribute and Tags for Paramteric Search 3),1,101,101,101,101,101,101,101,0.000%,9.90099,0.00,0.00
Process Thread Group:Login Controller - Open Application ,50,6343,4430,11378,17262,25884,688,25884,0.000%,1.41048,129.95,12.95
Process Thread Group:Transaction Controller - ParametricSearch 2 (Attribute and Tags) (case 3),50,31812,31411,40551,41550,45165,14207,45165,0.000%,.97187,135.03,3.26
TOTAL,103,18523,19130,39200,40551,43591,3,45165,0.000%,1.97193,221.19,12.00
