Label,# Samples,Average,Median,90% Line,95% Line,99% Line,Min,Max,Error %,Throughput,Received KB/sec,Sent KB/sec
Process Thread Group:Login Controller - Open Application ,20,139,141,150,151,151,119,151,0.000%,17.71479,13.70,14.86
Process Thread Group:Switch To MxM Module,20,5,5,7,7,7,4,7,0.000%,20.36660,25.68,11.62
Process Thread Group:Open Dashboard,20,5,5,8,9,10,3,10,0.000%,20.36660,10.43,11.66
Process Thread Group:OpenDashboardTab,20,33,34,37,38,39,24,39,0.000%,19.84127,476.94,11.20
TOTAL,80,45,10,145,147,151,3,151,0.000%,68.43456,454.82,43.56
