Label,# Samples,Average,Median,90% Line,95% Line,99% Line,Min,Max,Error %,Throughput,Received KB/sec,Sent KB/sec
Process Thread Group:Login Controller - Open Application ,20,139,142,149,149,156,121,156,0.000%,17.37619,13.44,14.58
Process Thread Group:Switch To MxM Module,20,5,5,6,8,8,3,8,0.000%,19.78239,24.93,11.28
Process Thread Group:Open Dashboard,20,4,5,6,6,7,4,7,0.000%,19.72387,10.11,11.29
Process Thread Group:OpenDashboardTab,20,30,31,33,34,37,21,37,0.000%,19.23077,462.37,10.85
TOTAL,80,44,8,143,147,149,3,156,0.000%,67.00168,445.38,42.64
