Label,# Samples,Average,Median,90% Line,95% Line,99% Line,Min,Max,Error %,Throughput,Received KB/sec,Sent KB/sec
Process Thread Group:Login Controller - Open Application ,20,138,140,148,149,169,118,169,0.000%,17.90510,13.85,15.02
Process Thread Group:Switch To MxM Module,20,5,5,7,7,7,4,7,0.000%,21.00840,26.47,11.98
Process Thread Group:Open Dashboard,20,5,5,6,6,6,3,6,0.000%,21.00840,10.74,12.02
Process Thread Group:OpenDashboardTab,20,30,31,35,38,39,23,39,0.000%,20.42901,491.05,11.53
TOTAL,80,45,7,141,146,149,3,169,0.000%,68.96552,458.30,43.89
