Label,# Samples,Average,Median,90% Line,95% Line,99% Line,Min,Max,Error %,Throughput,Received KB/sec,Sent KB/sec
Process Thread Group:Login Controller - Open Application ,20,142,141,148,153,160,121,160,0.000%,17.45201,13.50,14.64
Process Thread Group:Switch To MxM Module,20,5,5,6,6,7,3,7,0.000%,20.18163,25.43,11.51
Process Thread Group:Open Dashboard,20,5,5,6,7,8,4,8,0.000%,20.20202,10.35,11.56
Process Thread Group:OpenDashboardTab,20,33,33,37,37,42,29,42,0.000%,19.66568,472.86,11.10
TOTAL,80,46,8,143,147,153,3,160,0.000%,67.17045,446.53,42.75
