Label,# Samples,Average,Median,90% Line,95% Line,99% Line,Min,Max,Error %,Throughput,Received KB/sec,Sent KB/sec
Pre-loaded Data for Run Thread Group:Transaction Controller (Load Data of Attribute and Tags for Save Article),1,11,11,11,11,11,11,11,0.000%,83.33333,0.00,0.00
Pre-loaded Data for Run Thread Group:Transaction Controller (Load Data of Attribute and Tags for Paramteric Search 2),1,4,4,4,4,4,4,4,0.000%,166.66667,0.00,0.00
Pre-loaded Data for Run Thread Group:Transaction Controller (Load Data of Attribute and Tags for Paramteric Search 3),1,115,115,115,115,115,115,115,0.000%,8.69565,0.00,0.00
Process Thread Group:Login Controller - Open Application ,50,2430,1920,3902,4801,8221,700,8221,0.000%,2.71562,250.19,24.94
Process Thread Group:Transaction Controller - ParametricSearch 1 (taxonomy) (case 2),50,8451,8073,13041,14032,15396,3769,15396,0.000%,2.10217,159.40,7.87
TOTAL,103,5283,4345,9544,13041,15293,4,15396,0.000%,4.18461,341.18,26.26
