Label,# Samples,Average,Median,90% Line,95% Line,99% Line,Min,Max,Error %,Throughput,Received KB/sec,Sent KB/sec
Pre-loaded Data for Run Thread Group:Transaction Controller (Load Data of Attribute and Tags for Save Article),1,8,8,8,8,8,8,8,0.000%,125.00000,0.00,0.00
Pre-loaded Data for Run Thread Group:Transaction Controller (Load Data of Attribute and Tags for Paramteric Search 2),1,3,3,3,3,3,3,3,0.000%,333.33333,0.00,0.00
Pre-loaded Data for Run Thread Group:Transaction Controller (Load Data of Attribute and Tags for Paramteric Search 3),1,94,94,94,94,94,94,94,0.000%,10.63830,0.00,0.00
Process Thread Group:Login Controller - Open Application ,50,2343,2313,3310,4796,8032,645,8032,0.000%,2.80363,258.31,25.75
Process Thread Group:Transaction Controller - ParametricSearch 1 (taxonomy) (case 2),50,7550,7472,9704,11048,12832,2995,12832,0.000%,2.48102,188.13,9.29
TOTAL,103,4804,4191,8760,9704,12819,3,12832,0.000%,4.90944,400.29,30.81
