Label,# Samples,Average,Median,90% Line,95% Line,99% Line,Min,Max,Error %,Throughput,Received KB/sec,Sent KB/sec
Pre-loaded Data for Run Thread Group:Transaction Controller (Load Data of Attribute and Tags for Save Article),1,7,7,7,7,7,7,7,0.000%,142.85714,0.00,0.00
Pre-loaded Data for Run Thread Group:Transaction Controller (Load Data of Attribute and Tags for Paramteric Search 2),1,3,3,3,3,3,3,3,0.000%,250.00000,0.00,0.00
Pre-loaded Data for Run Thread Group:Transaction Controller (Load Data of Attribute and Tags for Paramteric Search 3),1,111,111,111,111,111,111,111,0.000%,9.00901,0.00,0.00
Process Thread Group:Login Controller - Open Application ,50,2425,1800,3956,5901,11638,661,11638,0.000%,2.67982,246.88,24.61
Process Thread Group:Transaction Controller - ParametricSearch 1 (taxonomy) (case 2),50,7943,7669,11973,12722,13648,2805,13648,0.000%,2.42330,183.74,9.08
TOTAL,103,5034,4264,9731,11973,12807,3,13648,0.000%,4.79471,390.90,30.09
