Label,# Samples,Average,Median,90% Line,95% Line,99% Line,Min,Max,Error %,Throughput,Received KB/sec,Sent KB/sec
Pre-loaded Data for Run Thread Group:Transaction Controller (Load Data of Attribute and Tags for Save Article),1,6,6,6,6,6,6,6,0.000%,125.00000,0.00,0.00
Pre-loaded Data for Run Thread Group:Transaction Controller (Load Data of Attribute and Tags for Paramteric Search 2),1,4,4,4,4,4,4,4,0.000%,250.00000,0.00,0.00
Pre-loaded Data for Run Thread Group:Transaction Controller (Load Data of Attribute and Tags for Paramteric Search 3),1,132,132,132,132,132,132,132,0.000%,7.57576,0.00,0.00
Process Thread Group:Login Controller - Open Application ,50,2271,1641,3694,4010,7753,691,7753,0.000%,3.52584,324.83,32.38
Process Thread Group:Transaction Controller - ParametricSearch 1 (taxonomy) (case 2),50,7511,7789,9122,9709,11705,4105,11705,0.000%,2.44535,185.42,9.16
TOTAL,103,4750,4170,8870,9122,10060,4,11705,0.000%,4.86721,396.83,30.55
