Label,# Samples,Average,Median,90% Line,95% Line,99% Line,Min,Max,Error %,Throughput,Received KB/sec,Sent KB/sec
Pre-loaded Data for Run Thread Group:Transaction Controller (Load Data of Attribute and Tags for Save Article),1,6,6,6,6,6,6,6,0.000%,142.85714,0.00,0.00
Pre-loaded Data for Run Thread Group:Transaction Controller (Load Data of Attribute and Tags for Paramteric Search 2),1,3,3,3,3,3,3,3,0.000%,333.33333,0.00,0.00
Pre-loaded Data for Run Thread Group:Transaction Controller (Load Data of Attribute and Tags for Paramteric Search 3),1,32,32,32,32,32,32,32,0.000%,31.25000,0.00,0.00
Process Thread Group:Login Controller - Open Application ,10,729,719,796,796,804,646,804,0.000%,1.86672,171.98,17.14
Process Thread Group:Transaction Controller - ParametricSearch 1 (taxonomy) (case 2),10,3019,3005,3256,3256,3311,2601,3311,0.000%,1.38198,104.79,5.18
TOTAL,23,1631,796,3230,3256,3311,3,3311,0.000%,2.88365,210.58,16.21
