Label,# Samples,Average,Median,90% Line,95% Line,99% Line,Min,Max,Error %,Throughput,Received KB/sec,Sent KB/sec
Pre-loaded Data for Run Thread Group:Transaction Controller (Load Data of Attribute and Tags for Save Article),1,7,7,7,7,7,7,7,0.000%,142.85714,0.00,0.00
Pre-loaded Data for Run Thread Group:Transaction Controller (Load Data of Attribute and Tags for Paramteric Search 2),1,3,3,3,3,3,3,3,0.000%,333.33333,0.00,0.00
Pre-loaded Data for Run Thread Group:Transaction Controller (Load Data of Attribute and Tags for Paramteric Search 3),1,32,32,32,32,32,32,32,0.000%,31.25000,0.00,0.00
Process Thread Group:Login Controller - Open Application ,10,807,764,1011,1011,1094,682,1094,0.000%,1.84060,169.56,16.90
Process Thread Group:Transaction Controller - ParametricSearch 1 (taxonomy) (case 2),10,3053,3041,3290,3290,3353,2655,3353,0.000%,1.36556,103.55,5.12
TOTAL,23,1680,1011,3184,3290,3353,3,3353,0.000%,2.83740,207.19,15.95
