Label,# Samples,Average,Median,90% Line,95% Line,99% Line,Min,Max,Error %,Throughput,Received KB/sec,Sent KB/sec
Pre-loaded Data for Run Thread Group:Transaction Controller (Load Data of Attribute and Tags for Save Article),1,6,6,6,6,6,6,6,0.000%,142.85714,0.00,0.00
Pre-loaded Data for Run Thread Group:Transaction Controller (Load Data of Attribute and Tags for Paramteric Search 2),1,3,3,3,3,3,3,3,0.000%,250.00000,0.00,0.00
Pre-loaded Data for Run Thread Group:Transaction Controller (Load Data of Attribute and Tags for Paramteric Search 3),1,35,35,35,35,35,35,35,0.000%,28.57143,0.00,0.00
Process Thread Group:Login Controller - Open Application ,10,714,699,797,797,836,619,836,0.000%,1.83925,169.45,16.89
Process Thread Group:Transaction Controller - ParametricSearch 1 (taxonomy) (case 2),10,3017,3009,3254,3254,3328,2611,3328,0.000%,1.36147,103.24,5.10
TOTAL,23,1624,797,3144,3254,3328,3,3328,0.000%,2.85112,208.20,16.03
