Label,# Samples,Average,Median,90% Line,95% Line,99% Line,Min,Max,Error %,Throughput,Received KB/sec,Sent KB/sec
Pre-loaded Data for Run Thread Group:Transaction Controller (Load Data of Attribute and Tags for Save Article),1,6,6,6,6,6,6,6,0.000%,142.85714,0.00,0.00
Pre-loaded Data for Run Thread Group:Transaction Controller (Load Data of Attribute and Tags for Paramteric Search 2),1,2,2,2,2,2,2,2,0.000%,333.33333,0.00,0.00
Pre-loaded Data for Run Thread Group:Transaction Controller (Load Data of Attribute and Tags for Paramteric Search 3),1,36,36,36,36,36,36,36,0.000%,27.77778,0.00,0.00
Process Thread Group:Login Controller - Open Application ,10,731,719,794,794,823,652,823,0.000%,1.86567,171.89,17.13
Process Thread Group:Transaction Controller - ParametricSearch 1 (taxonomy) (case 2),10,2974,3015,3075,3075,3227,2574,3227,0.000%,1.37760,104.46,5.16
TOTAL,23,1613,794,3071,3075,3227,2,3227,0.000%,2.89126,211.14,16.25
