"image_asset","LoadTest_asset1",assetImage,.jpg,image/jpeg
"image_asset","LoadTest_asset3",assetImage,.jpg,image/jpeg
"image_asset","LoadTest_asset3",assetImage,.jpg,image/jpeg
"image_asset","LoadTest_asset4",assetImage,.jpg,image/jpeg
"image_asset","LoadTest_asset5",assetImage,.jpg,image/jpeg
"image_asset","LoadTest_asset6",assetImage,.jpg,image/jpeg
"image_asset","LoadTest_asset7",assetImage,.jpg,image/jpeg
"image_asset","LoadTest_asset8",assetImage,.jpg,image/jpeg
"image_asset","LoadTest_asset9",assetImage,.jpg,image/jpeg
"image_asset","LoadTest_asset10",assetImage,.jpg,image/jpeg
"image_asset","LoadTest_asset11",assetImage,.jpg,image/jpeg
"image_asset","LoadTest_asset12",assetImage,.jpg,image/jpeg
"image_asset","LoadTest_asset13",assetImage,.jpg,image/jpeg
"image_asset","LoadTest_asset14",assetImage,.jpg,image/jpeg
"image_asset","LoadTest_asset15",assetImage,.jpg,image/jpeg
"image_asset","LoadTest_asset16",assetImage,.jpg,image/jpeg
"image_asset","LoadTest_asset17",assetImage,.jpg,image/jpeg
"image_asset","LoadTest_asset18",assetImage,.jpg,image/jpeg
"image_asset","LoadTest_asset19",assetImage,.jpg,image/jpeg
"image_asset","LoadTest_asset20",assetImage,.jpg,image/jpeg
"image_asset","LoadTest_asset21",assetImage,.jpg,image/jpeg
"image_asset","LoadTest_asset22",assetImage,.jpg,image/jpeg
"image_asset","LoadTest_asset23",assetImage,.jpg,image/jpeg
"image_asset","LoadTest_asset24",assetImage,.jpg,image/jpeg
"image_asset","LoadTest_asset25",assetImage,.jpg,image/jpeg
"image_asset","LoadTest_asset26",assetImage,.jpg,image/jpeg
"image_asset","LoadTest_asset27",assetImage,.jpg,image/jpeg
"image_asset","LoadTest_asset28",assetImage,.jpg,image/jpeg
"image_asset","LoadTest_asset29",assetImage,.jpg,image/jpeg
"image_asset","LoadTest_asset30",assetImage,.jpg,image/jpeg
"image_asset","LoadTest_asset31",assetImage,.jpg,image/jpeg
"image_asset","LoadTest_asset32",assetImage,.jpg,image/jpeg
"image_asset","LoadTest_asset33",assetImage,.jpg,image/jpeg
"image_asset","LoadTest_asset34",assetImage,.jpg,image/jpeg
"image_asset","LoadTest_asset35",assetImage,.jpg,image/jpeg
"image_asset","LoadTest_asset36",assetImage,.jpg,image/jpeg
"image_asset","LoadTest_asset37",assetImage,.jpg,image/jpeg
"image_asset","LoadTest_asset38",assetImage,.jpg,image/jpeg
"image_asset","LoadTest_asset39",assetImage,.jpg,image/jpeg
"image_asset","LoadTest_asset40",assetImage,.jpg,image/jpeg
"image_asset","LoadTest_asset41",assetImage,.jpg,image/jpeg
"image_asset","LoadTest_asset42",assetImage,.jpg,image/jpeg
"image_asset","LoadTest_asset43",assetImage,.jpg,image/jpeg
"image_asset","LoadTest_asset44",assetImage,.jpg,image/jpeg
"image_asset","LoadTest_asset45",assetImage,.jpg,image/jpeg
"image_asset","LoadTest_asset46",assetImage,.jpg,image/jpeg
"image_asset","LoadTest_asset47",assetImage,.jpg,image/jpeg
"image_asset","LoadTest_asset48",assetImage,.jpg,image/jpeg
"image_asset","LoadTest_asset49",assetImage,.jpg,image/jpeg
"image_asset","LoadTest_asset50",assetImage,.jpg,image/jpeg
"image_asset","LoadTest_asset51",assetImage,.jpg,image/jpeg
"image_asset","LoadTest_asset52",assetImage,.jpg,image/jpeg
"image_asset","LoadTest_asset53",assetImage,.jpg,image/jpeg
"image_asset","LoadTest_asset54",assetImage,.jpg,image/jpeg
"image_asset","LoadTest_asset55",assetImage,.jpg,image/jpeg
"image_asset","LoadTest_asset56",assetImage,.jpg,image/jpeg
"image_asset","LoadTest_asset57",assetImage,.jpg,image/jpeg
"image_asset","LoadTest_asset58",assetImage,.jpg,image/jpeg
"image_asset","LoadTest_asset59",assetImage,.jpg,image/jpeg
"image_asset","LoadTest_asset60",assetImage,.jpg,image/jpeg
"image_asset","LoadTest_asset61",assetImage,.jpg,image/jpeg
"image_asset","LoadTest_asset62",assetImage,.jpg,image/jpeg
"image_asset","LoadTest_asset63",assetImage,.jpg,image/jpeg
"image_asset","LoadTest_asset64",assetImage,.jpg,image/jpeg
"image_asset","LoadTest_asset65",assetImage,.jpg,image/jpeg
"image_asset","LoadTest_asset66",assetImage,.jpg,image/jpeg
"image_asset","LoadTest_asset67",assetImage,.jpg,image/jpeg
"image_asset","LoadTest_asset68",assetImage,.jpg,image/jpeg
"image_asset","LoadTest_asset69",assetImage,.jpg,image/jpeg
"image_asset","LoadTest_asset70",assetImage,.jpg,image/jpeg
"image_asset","LoadTest_asset71",assetImage,.jpg,image/jpeg
"image_asset","LoadTest_asset72",assetImage,.jpg,image/jpeg
"image_asset","LoadTest_asset73",assetImage,.jpg,image/jpeg
"image_asset","LoadTest_asset74",assetImage,.jpg,image/jpeg
"image_asset","LoadTest_asset75",assetImage,.jpg,image/jpeg
"image_asset","LoadTest_asset76",assetImage,.jpg,image/jpeg
"image_asset","LoadTest_asset77",assetImage,.jpg,image/jpeg
"image_asset","LoadTest_asset78",assetImage,.jpg,image/jpeg
"image_asset","LoadTest_asset79",assetImage,.jpg,image/jpeg
"image_asset","LoadTest_asset80",assetImage,.jpg,image/jpeg
"image_asset","LoadTest_asset81",assetImage,.jpg,image/jpeg
"image_asset","LoadTest_asset82",assetImage,.jpg,image/jpeg
"image_asset","LoadTest_asset83",assetImage,.jpg,image/jpeg
"image_asset","LoadTest_asset84",assetImage,.jpg,image/jpeg
"image_asset","LoadTest_asset85",assetImage,.jpg,image/jpeg
"image_asset","LoadTest_asset86",assetImage,.jpg,image/jpeg
"image_asset","LoadTest_asset87",assetImage,.jpg,image/jpeg
"image_asset","LoadTest_asset88",assetImage,.jpg,image/jpeg
"image_asset","LoadTest_asset89",assetImage,.jpg,image/jpeg
"image_asset","LoadTest_asset90",assetImage,.jpg,image/jpeg
"image_asset","LoadTest_asset91",assetImage,.jpg,image/jpeg
"image_asset","LoadTest_asset92",assetImage,.jpg,image/jpeg
"image_asset","LoadTest_asset93",assetImage,.jpg,image/jpeg
"image_asset","LoadTest_asset94",assetImage,.jpg,image/jpeg
"image_asset","LoadTest_asset95",assetImage,.jpg,image/jpeg
"image_asset","LoadTest_asset96",assetImage,.jpg,image/jpeg
"image_asset","LoadTest_asset97",assetImage,.jpg,image/jpeg
"image_asset","LoadTest_asset98",assetImage,.jpg,image/jpeg
"image_asset","LoadTest_asset99",assetImage,.jpg,image/jpeg
"image_asset","LoadTest_asset100",assetImage,.jpg,image/jpeg
"image_asset","LoadTest_asset101",assetImage,.jpg,image/jpeg
"image_asset","LoadTest_asset102",assetImage,.jpg,image/jpeg
"image_asset","LoadTest_asset103",assetImage,.jpg,image/jpeg
"image_asset","LoadTest_asset104",assetImage,.jpg,image/jpeg
"image_asset","LoadTest_asset105",assetImage,.jpg,image/jpeg
"image_asset","LoadTest_asset106",assetImage,.jpg,image/jpeg
"image_asset","LoadTest_asset107",assetImage,.jpg,image/jpeg
"image_asset","LoadTest_asset108",assetImage,.jpg,image/jpeg
"image_asset","LoadTest_asset109",assetImage,.jpg,image/jpeg
"image_asset","LoadTest_asset110",assetImage,.jpg,image/jpeg
"image_asset","LoadTest_asset111",assetImage,.jpg,image/jpeg
"image_asset","LoadTest_asset112",assetImage,.jpg,image/jpeg
"image_asset","LoadTest_asset113",assetImage,.jpg,image/jpeg
"image_asset","LoadTest_asset114",assetImage,.jpg,image/jpeg
"image_asset","LoadTest_asset115",assetImage,.jpg,image/jpeg
"image_asset","LoadTest_asset116",assetImage,.jpg,image/jpeg
"image_asset","LoadTest_asset117",assetImage,.jpg,image/jpeg
"image_asset","LoadTest_asset118",assetImage,.jpg,image/jpeg
"image_asset","LoadTest_asset119",assetImage,.jpg,image/jpeg
"image_asset","LoadTest_asset120",assetImage,.jpg,image/jpeg
"image_asset","LoadTest_asset121",assetImage,.jpg,image/jpeg
"image_asset","LoadTest_asset122",assetImage,.jpg,image/jpeg
"image_asset","LoadTest_asset123",assetImage,.jpg,image/jpeg
"image_asset","LoadTest_asset124",assetImage,.jpg,image/jpeg
"image_asset","LoadTest_asset125",assetImage,.jpg,image/jpeg
"image_asset","LoadTest_asset126",assetImage,.jpg,image/jpeg
"image_asset","LoadTest_asset127",assetImage,.jpg,image/jpeg
"image_asset","LoadTest_asset128",assetImage,.jpg,image/jpeg
"image_asset","LoadTest_asset129",assetImage,.jpg,image/jpeg
"image_asset","LoadTest_asset130",assetImage,.jpg,image/jpeg
"image_asset","LoadTest_asset131",assetImage,.jpg,image/jpeg
"image_asset","LoadTest_asset132",assetImage,.jpg,image/jpeg
"image_asset","LoadTest_asset133",assetImage,.jpg,image/jpeg
"image_asset","LoadTest_asset134",assetImage,.jpg,image/jpeg
"image_asset","LoadTest_asset135",assetImage,.jpg,image/jpeg
"image_asset","LoadTest_asset136",assetImage,.jpg,image/jpeg
"image_asset","LoadTest_asset137",assetImage,.jpg,image/jpeg
"image_asset","LoadTest_asset138",assetImage,.jpg,image/jpeg
"image_asset","LoadTest_asset139",assetImage,.jpg,image/jpeg
"image_asset","LoadTest_asset140",assetImage,.jpg,image/jpeg
"image_asset","LoadTest_asset141",assetImage,.jpg,image/jpeg
"image_asset","LoadTest_asset142",assetImage,.jpg,image/jpeg
"image_asset","LoadTest_asset143",assetImage,.jpg,image/jpeg
"image_asset","LoadTest_asset144",assetImage,.jpg,image/jpeg
"image_asset","LoadTest_asset145",assetImage,.jpg,image/jpeg
"image_asset","LoadTest_asset146",assetImage,.jpg,image/jpeg
"image_asset","LoadTest_asset147",assetImage,.jpg,image/jpeg
"image_asset","LoadTest_asset148",assetImage,.jpg,image/jpeg
"image_asset","LoadTest_asset149",assetImage,.jpg,image/jpeg
"image_asset","LoadTest_asset150",assetImage,.jpg,image/jpeg
"image_asset","LoadTest_asset151",assetImage,.jpg,image/jpeg
"image_asset","LoadTest_asset152",assetImage,.jpg,image/jpeg
"image_asset","LoadTest_asset153",assetImage,.jpg,image/jpeg
"image_asset","LoadTest_asset154",assetImage,.jpg,image/jpeg
"image_asset","LoadTest_asset155",assetImage,.jpg,image/jpeg
"image_asset","LoadTest_asset156",assetImage,.jpg,image/jpeg
"image_asset","LoadTest_asset157",assetImage,.jpg,image/jpeg
"image_asset","LoadTest_asset158",assetImage,.jpg,image/jpeg
"image_asset","LoadTest_asset159",assetImage,.jpg,image/jpeg
"image_asset","LoadTest_asset160",assetImage,.jpg,image/jpeg
"image_asset","LoadTest_asset161",assetImage,.jpg,image/jpeg
"image_asset","LoadTest_asset162",assetImage,.jpg,image/jpeg
"image_asset","LoadTest_asset163",assetImage,.jpg,image/jpeg
"image_asset","LoadTest_asset164",assetImage,.jpg,image/jpeg
"image_asset","LoadTest_asset165",assetImage,.jpg,image/jpeg
"image_asset","LoadTest_asset166",assetImage,.jpg,image/jpeg
"image_asset","LoadTest_asset167",assetImage,.jpg,image/jpeg
"image_asset","LoadTest_asset168",assetImage,.jpg,image/jpeg
"image_asset","LoadTest_asset169",assetImage,.jpg,image/jpeg
"image_asset","LoadTest_asset170",assetImage,.jpg,image/jpeg
"image_asset","LoadTest_asset171",assetImage,.jpg,image/jpeg
"image_asset","LoadTest_asset172",assetImage,.jpg,image/jpeg
"image_asset","LoadTest_asset173",assetImage,.jpg,image/jpeg
"image_asset","LoadTest_asset174",assetImage,.jpg,image/jpeg
"image_asset","LoadTest_asset175",assetImage,.jpg,image/jpeg
"image_asset","LoadTest_asset176",assetImage,.jpg,image/jpeg
"image_asset","LoadTest_asset177",assetImage,.jpg,image/jpeg
"image_asset","LoadTest_asset178",assetImage,.jpg,image/jpeg
"image_asset","LoadTest_asset179",assetImage,.jpg,image/jpeg
"image_asset","LoadTest_asset180",assetImage,.jpg,image/jpeg
"image_asset","LoadTest_asset181",assetImage,.jpg,image/jpeg
"image_asset","LoadTest_asset182",assetImage,.jpg,image/jpeg
"image_asset","LoadTest_asset183",assetImage,.jpg,image/jpeg
"image_asset","LoadTest_asset184",assetImage,.jpg,image/jpeg
"image_asset","LoadTest_asset185",assetImage,.jpg,image/jpeg
"image_asset","LoadTest_asset186",assetImage,.jpg,image/jpeg
"image_asset","LoadTest_asset187",assetImage,.jpg,image/jpeg
"image_asset","LoadTest_asset188",assetImage,.jpg,image/jpeg
"image_asset","LoadTest_asset189",assetImage,.jpg,image/jpeg
"image_asset","LoadTest_asset190",assetImage,.jpg,image/jpeg
"image_asset","LoadTest_asset191",assetImage,.jpg,image/jpeg
"image_asset","LoadTest_asset192",assetImage,.jpg,image/jpeg
"image_asset","LoadTest_asset193",assetImage,.jpg,image/jpeg
"image_asset","LoadTest_asset194",assetImage,.jpg,image/jpeg
"image_asset","LoadTest_asset195",assetImage,.jpg,image/jpeg
"image_asset","LoadTest_asset196",assetImage,.jpg,image/jpeg
"image_asset","LoadTest_asset197",assetImage,.jpg,image/jpeg
"image_asset","LoadTest_asset198",assetImage,.jpg,image/jpeg
"image_asset","LoadTest_asset199",assetImage,.jpg,image/jpeg
"image_asset","LoadTest_asset200",assetImage,.jpg,image/jpeg
"image_asset","LoadTest_asset201",assetImage,.jpg,image/jpeg
"image_asset","LoadTest_asset202",assetImage,.jpg,image/jpeg
"image_asset","LoadTest_asset203",assetImage,.jpg,image/jpeg
"image_asset","LoadTest_asset204",assetImage,.jpg,image/jpeg
"image_asset","LoadTest_asset205",assetImage,.jpg,image/jpeg
"image_asset","LoadTest_asset206",assetImage,.jpg,image/jpeg
"image_asset","LoadTest_asset207",assetImage,.jpg,image/jpeg
"image_asset","LoadTest_asset208",assetImage,.jpg,image/jpeg
"image_asset","LoadTest_asset209",assetImage,.jpg,image/jpeg
"image_asset","LoadTest_asset210",assetImage,.jpg,image/jpeg
"image_asset","LoadTest_asset211",assetImage,.jpg,image/jpeg
"image_asset","LoadTest_asset212",assetImage,.jpg,image/jpeg
"image_asset","LoadTest_asset213",assetImage,.jpg,image/jpeg
"image_asset","LoadTest_asset214",assetImage,.jpg,image/jpeg
"image_asset","LoadTest_asset215",assetImage,.jpg,image/jpeg
"image_asset","LoadTest_asset216",assetImage,.jpg,image/jpeg
"image_asset","LoadTest_asset217",assetImage,.jpg,image/jpeg
"image_asset","LoadTest_asset218",assetImage,.jpg,image/jpeg
"image_asset","LoadTest_asset219",assetImage,.jpg,image/jpeg
"image_asset","LoadTest_asset220",assetImage,.jpg,image/jpeg
"image_asset","LoadTest_asset221",assetImage,.jpg,image/jpeg
"image_asset","LoadTest_asset222",assetImage,.jpg,image/jpeg
"image_asset","LoadTest_asset223",assetImage,.jpg,image/jpeg
"image_asset","LoadTest_asset224",assetImage,.jpg,image/jpeg
"image_asset","LoadTest_asset225",assetImage,.jpg,image/jpeg
"image_asset","LoadTest_asset226",assetImage,.jpg,image/jpeg
"image_asset","LoadTest_asset227",assetImage,.jpg,image/jpeg
"image_asset","LoadTest_asset228",assetImage,.jpg,image/jpeg
"image_asset","LoadTest_asset229",assetImage,.jpg,image/jpeg
"image_asset","LoadTest_asset230",assetImage,.jpg,image/jpeg
"image_asset","LoadTest_asset231",assetImage,.jpg,image/jpeg
"image_asset","LoadTest_asset232",assetImage,.jpg,image/jpeg
"image_asset","LoadTest_asset233",assetImage,.jpg,image/jpeg
"image_asset","LoadTest_asset234",assetImage,.jpg,image/jpeg
"image_asset","LoadTest_asset235",assetImage,.jpg,image/jpeg
"image_asset","LoadTest_asset236",assetImage,.jpg,image/jpeg
"image_asset","LoadTest_asset237",assetImage,.jpg,image/jpeg
"image_asset","LoadTest_asset238",assetImage,.jpg,image/jpeg
"image_asset","LoadTest_asset239",assetImage,.jpg,image/jpeg
"image_asset","LoadTest_asset240",assetImage,.jpg,image/jpeg
"image_asset","LoadTest_asset241",assetImage,.jpg,image/jpeg
"image_asset","LoadTest_asset242",assetImage,.jpg,image/jpeg
"image_asset","LoadTest_asset243",assetImage,.jpg,image/jpeg
"image_asset","LoadTest_asset244",assetImage,.jpg,image/jpeg
"image_asset","LoadTest_asset245",assetImage,.jpg,image/jpeg
"image_asset","LoadTest_asset246",assetImage,.jpg,image/jpeg
"image_asset","LoadTest_asset247",assetImage,.jpg,image/jpeg
"image_asset","LoadTest_asset248",assetImage,.jpg,image/jpeg
"image_asset","LoadTest_asset249",assetImage,.jpg,image/jpeg
"image_asset","LoadTest_asset250",assetImage,.jpg,image/jpeg
"image_asset","LoadTest_asset251",assetImage,.jpg,image/jpeg
"image_asset","LoadTest_asset252",assetImage,.jpg,image/jpeg
"image_asset","LoadTest_asset253",assetImage,.jpg,image/jpeg
"image_asset","LoadTest_asset254",assetImage,.jpg,image/jpeg
"image_asset","LoadTest_asset255",assetImage,.jpg,image/jpeg
"image_asset","LoadTest_asset256",assetImage,.jpg,image/jpeg
"image_asset","LoadTest_asset257",assetImage,.jpg,image/jpeg
"image_asset","LoadTest_asset258",assetImage,.jpg,image/jpeg
"image_asset","LoadTest_asset259",assetImage,.jpg,image/jpeg
"image_asset","LoadTest_asset260",assetImage,.jpg,image/jpeg
"image_asset","LoadTest_asset261",assetImage,.jpg,image/jpeg
"image_asset","LoadTest_asset262",assetImage,.jpg,image/jpeg
"image_asset","LoadTest_asset263",assetImage,.jpg,image/jpeg
"image_asset","LoadTest_asset264",assetImage,.jpg,image/jpeg
"image_asset","LoadTest_asset265",assetImage,.jpg,image/jpeg
"image_asset","LoadTest_asset266",assetImage,.jpg,image/jpeg
"image_asset","LoadTest_asset267",assetImage,.jpg,image/jpeg
"image_asset","LoadTest_asset268",assetImage,.jpg,image/jpeg
"image_asset","LoadTest_asset269",assetImage,.jpg,image/jpeg
"image_asset","LoadTest_asset270",assetImage,.jpg,image/jpeg
"image_asset","LoadTest_asset271",assetImage,.jpg,image/jpeg
"image_asset","LoadTest_asset272",assetImage,.jpg,image/jpeg
"image_asset","LoadTest_asset273",assetImage,.jpg,image/jpeg
"image_asset","LoadTest_asset274",assetImage,.jpg,image/jpeg
"image_asset","LoadTest_asset275",assetImage,.jpg,image/jpeg
"image_asset","LoadTest_asset276",assetImage,.jpg,image/jpeg
"image_asset","LoadTest_asset277",assetImage,.jpg,image/jpeg
"image_asset","LoadTest_asset278",assetImage,.jpg,image/jpeg
"image_asset","LoadTest_asset279",assetImage,.jpg,image/jpeg
"image_asset","LoadTest_asset280",assetImage,.jpg,image/jpeg
"image_asset","LoadTest_asset281",assetImage,.jpg,image/jpeg
"image_asset","LoadTest_asset282",assetImage,.jpg,image/jpeg
"image_asset","LoadTest_asset283",assetImage,.jpg,image/jpeg
"image_asset","LoadTest_asset284",assetImage,.jpg,image/jpeg
"image_asset","LoadTest_asset285",assetImage,.jpg,image/jpeg
"image_asset","LoadTest_asset286",assetImage,.jpg,image/jpeg
"image_asset","LoadTest_asset287",assetImage,.jpg,image/jpeg
"image_asset","LoadTest_asset288",assetImage,.jpg,image/jpeg
"image_asset","LoadTest_asset289",assetImage,.jpg,image/jpeg
"image_asset","LoadTest_asset290",assetImage,.jpg,image/jpeg
"image_asset","LoadTest_asset291",assetImage,.jpg,image/jpeg
"image_asset","LoadTest_asset292",assetImage,.jpg,image/jpeg
"image_asset","LoadTest_asset293",assetImage,.jpg,image/jpeg
"image_asset","LoadTest_asset294",assetImage,.jpg,image/jpeg
"image_asset","LoadTest_asset295",assetImage,.jpg,image/jpeg
"image_asset","LoadTest_asset296",assetImage,.jpg,image/jpeg
"image_asset","LoadTest_asset297",assetImage,.jpg,image/jpeg
"image_asset","LoadTest_asset298",assetImage,.jpg,image/jpeg
"image_asset","LoadTest_asset299",assetImage,.jpg,image/jpeg
"image_asset","LoadTest_asset300",assetImage,.jpg,image/jpeg
"image_asset","LoadTest_asset301",assetImage,.jpg,image/jpeg
"image_asset","LoadTest_asset302",assetImage,.jpg,image/jpeg
"image_asset","LoadTest_asset303",assetImage,.jpg,image/jpeg
"image_asset","LoadTest_asset304",assetImage,.jpg,image/jpeg
"image_asset","LoadTest_asset305",assetImage,.jpg,image/jpeg
"image_asset","LoadTest_asset306",assetImage,.jpg,image/jpeg
"image_asset","LoadTest_asset307",assetImage,.jpg,image/jpeg
"image_asset","LoadTest_asset308",assetImage,.jpg,image/jpeg
"image_asset","LoadTest_asset309",assetImage,.jpg,image/jpeg
"image_asset","LoadTest_asset310",assetImage,.jpg,image/jpeg
"image_asset","LoadTest_asset311",assetImage,.jpg,image/jpeg
"image_asset","LoadTest_asset312",assetImage,.jpg,image/jpeg
"image_asset","LoadTest_asset313",assetImage,.jpg,image/jpeg
"image_asset","LoadTest_asset314",assetImage,.jpg,image/jpeg
"image_asset","LoadTest_asset315",assetImage,.jpg,image/jpeg
"image_asset","LoadTest_asset316",assetImage,.jpg,image/jpeg
"image_asset","LoadTest_asset317",assetImage,.jpg,image/jpeg
"image_asset","LoadTest_asset318",assetImage,.jpg,image/jpeg
"image_asset","LoadTest_asset319",assetImage,.jpg,image/jpeg
"image_asset","LoadTest_asset320",assetImage,.jpg,image/jpeg
"image_asset","LoadTest_asset321",assetImage,.jpg,image/jpeg
"image_asset","LoadTest_asset322",assetImage,.jpg,image/jpeg
"image_asset","LoadTest_asset323",assetImage,.jpg,image/jpeg
"image_asset","LoadTest_asset324",assetImage,.jpg,image/jpeg
"image_asset","LoadTest_asset325",assetImage,.jpg,image/jpeg
"image_asset","LoadTest_asset326",assetImage,.jpg,image/jpeg
"image_asset","LoadTest_asset327",assetImage,.jpg,image/jpeg
"image_asset","LoadTest_asset328",assetImage,.jpg,image/jpeg
"image_asset","LoadTest_asset329",assetImage,.jpg,image/jpeg
"image_asset","LoadTest_asset330",assetImage,.jpg,image/jpeg
"image_asset","LoadTest_asset331",assetImage,.jpg,image/jpeg
"image_asset","LoadTest_asset332",assetImage,.jpg,image/jpeg
"image_asset","LoadTest_asset333",assetImage,.jpg,image/jpeg
"image_asset","LoadTest_asset334",assetImage,.jpg,image/jpeg
"image_asset","LoadTest_asset335",assetImage,.jpg,image/jpeg
"image_asset","LoadTest_asset336",assetImage,.jpg,image/jpeg
"image_asset","LoadTest_asset337",assetImage,.jpg,image/jpeg
"image_asset","LoadTest_asset338",assetImage,.jpg,image/jpeg
"image_asset","LoadTest_asset339",assetImage,.jpg,image/jpeg
"image_asset","LoadTest_asset340",assetImage,.jpg,image/jpeg
"image_asset","LoadTest_asset341",assetImage,.jpg,image/jpeg
"image_asset","LoadTest_asset342",assetImage,.jpg,image/jpeg
"image_asset","LoadTest_asset343",assetImage,.jpg,image/jpeg
"image_asset","LoadTest_asset344",assetImage,.jpg,image/jpeg
"image_asset","LoadTest_asset345",assetImage,.jpg,image/jpeg
"image_asset","LoadTest_asset346",assetImage,.jpg,image/jpeg
"image_asset","LoadTest_asset347",assetImage,.jpg,image/jpeg
"image_asset","LoadTest_asset348",assetImage,.jpg,image/jpeg
"image_asset","LoadTest_asset349",assetImage,.jpg,image/jpeg
"image_asset","LoadTest_asset350",assetImage,.jpg,image/jpeg
"image_asset","LoadTest_asset351",assetImage,.jpg,image/jpeg
"image_asset","LoadTest_asset352",assetImage,.jpg,image/jpeg
"image_asset","LoadTest_asset353",assetImage,.jpg,image/jpeg
"image_asset","LoadTest_asset354",assetImage,.jpg,image/jpeg
"image_asset","LoadTest_asset355",assetImage,.jpg,image/jpeg
"image_asset","LoadTest_asset356",assetImage,.jpg,image/jpeg
"image_asset","LoadTest_asset357",assetImage,.jpg,image/jpeg
"image_asset","LoadTest_asset358",assetImage,.jpg,image/jpeg
"image_asset","LoadTest_asset359",assetImage,.jpg,image/jpeg
"image_asset","LoadTest_asset360",assetImage,.jpg,image/jpeg
"image_asset","LoadTest_asset361",assetImage,.jpg,image/jpeg
"image_asset","LoadTest_asset362",assetImage,.jpg,image/jpeg
"image_asset","LoadTest_asset363",assetImage,.jpg,image/jpeg
"image_asset","LoadTest_asset364",assetImage,.jpg,image/jpeg
"image_asset","LoadTest_asset365",assetImage,.jpg,image/jpeg
"image_asset","LoadTest_asset366",assetImage,.jpg,image/jpeg
"image_asset","LoadTest_asset367",assetImage,.jpg,image/jpeg
"image_asset","LoadTest_asset368",assetImage,.jpg,image/jpeg
"image_asset","LoadTest_asset369",assetImage,.jpg,image/jpeg
"image_asset","LoadTest_asset370",assetImage,.jpg,image/jpeg
"image_asset","LoadTest_asset371",assetImage,.jpg,image/jpeg
"image_asset","LoadTest_asset372",assetImage,.jpg,image/jpeg
"image_asset","LoadTest_asset373",assetImage,.jpg,image/jpeg
"image_asset","LoadTest_asset374",assetImage,.jpg,image/jpeg
"image_asset","LoadTest_asset375",assetImage,.jpg,image/jpeg
"image_asset","LoadTest_asset376",assetImage,.jpg,image/jpeg
"image_asset","LoadTest_asset377",assetImage,.jpg,image/jpeg
"image_asset","LoadTest_asset378",assetImage,.jpg,image/jpeg
"image_asset","LoadTest_asset379",assetImage,.jpg,image/jpeg
"image_asset","LoadTest_asset380",assetImage,.jpg,image/jpeg
"image_asset","LoadTest_asset381",assetImage,.jpg,image/jpeg
"image_asset","LoadTest_asset382",assetImage,.jpg,image/jpeg
"image_asset","LoadTest_asset383",assetImage,.jpg,image/jpeg
"image_asset","LoadTest_asset384",assetImage,.jpg,image/jpeg
"image_asset","LoadTest_asset385",assetImage,.jpg,image/jpeg
"image_asset","LoadTest_asset386",assetImage,.jpg,image/jpeg
"image_asset","LoadTest_asset387",assetImage,.jpg,image/jpeg
"image_asset","LoadTest_asset388",assetImage,.jpg,image/jpeg
"image_asset","LoadTest_asset389",assetImage,.jpg,image/jpeg
"image_asset","LoadTest_asset390",assetImage,.jpg,image/jpeg
"image_asset","LoadTest_asset391",assetImage,.jpg,image/jpeg
"image_asset","LoadTest_asset392",assetImage,.jpg,image/jpeg
"image_asset","LoadTest_asset393",assetImage,.jpg,image/jpeg
"image_asset","LoadTest_asset394",assetImage,.jpg,image/jpeg
"image_asset","LoadTest_asset395",assetImage,.jpg,image/jpeg
"image_asset","LoadTest_asset396",assetImage,.jpg,image/jpeg
"image_asset","LoadTest_asset397",assetImage,.jpg,image/jpeg
"image_asset","LoadTest_asset398",assetImage,.jpg,image/jpeg
"image_asset","LoadTest_asset399",assetImage,.jpg,image/jpeg
"image_asset","LoadTest_asset400",assetImage,.jpg,image/jpeg
"image_asset","LoadTest_asset401",assetImage,.jpg,image/jpeg
"image_asset","LoadTest_asset402",assetImage,.jpg,image/jpeg
"image_asset","LoadTest_asset403",assetImage,.jpg,image/jpeg
"image_asset","LoadTest_asset404",assetImage,.jpg,image/jpeg
"image_asset","LoadTest_asset405",assetImage,.jpg,image/jpeg
"image_asset","LoadTest_asset406",assetImage,.jpg,image/jpeg
"image_asset","LoadTest_asset407",assetImage,.jpg,image/jpeg
"image_asset","LoadTest_asset408",assetImage,.jpg,image/jpeg
"image_asset","LoadTest_asset409",assetImage,.jpg,image/jpeg
"image_asset","LoadTest_asset410",assetImage,.jpg,image/jpeg
"image_asset","LoadTest_asset411",assetImage,.jpg,image/jpeg
"image_asset","LoadTest_asset412",assetImage,.jpg,image/jpeg
"image_asset","LoadTest_asset413",assetImage,.jpg,image/jpeg
"image_asset","LoadTest_asset414",assetImage,.jpg,image/jpeg
"image_asset","LoadTest_asset415",assetImage,.jpg,image/jpeg
"image_asset","LoadTest_asset416",assetImage,.jpg,image/jpeg
"image_asset","LoadTest_asset417",assetImage,.jpg,image/jpeg
"image_asset","LoadTest_asset418",assetImage,.jpg,image/jpeg
"image_asset","LoadTest_asset419",assetImage,.jpg,image/jpeg
"image_asset","LoadTest_asset420",assetImage,.jpg,image/jpeg
"image_asset","LoadTest_asset421",assetImage,.jpg,image/jpeg
"image_asset","LoadTest_asset422",assetImage,.jpg,image/jpeg
"image_asset","LoadTest_asset423",assetImage,.jpg,image/jpeg
"image_asset","LoadTest_asset424",assetImage,.jpg,image/jpeg
"image_asset","LoadTest_asset425",assetImage,.jpg,image/jpeg
"image_asset","LoadTest_asset426",assetImage,.jpg,image/jpeg
"image_asset","LoadTest_asset427",assetImage,.jpg,image/jpeg
"image_asset","LoadTest_asset428",assetImage,.jpg,image/jpeg
"image_asset","LoadTest_asset429",assetImage,.jpg,image/jpeg
"image_asset","LoadTest_asset430",assetImage,.jpg,image/jpeg
"image_asset","LoadTest_asset431",assetImage,.jpg,image/jpeg
"image_asset","LoadTest_asset432",assetImage,.jpg,image/jpeg
"image_asset","LoadTest_asset433",assetImage,.jpg,image/jpeg
"image_asset","LoadTest_asset434",assetImage,.jpg,image/jpeg
"image_asset","LoadTest_asset435",assetImage,.jpg,image/jpeg
"image_asset","LoadTest_asset436",assetImage,.jpg,image/jpeg
"image_asset","LoadTest_asset437",assetImage,.jpg,image/jpeg
"image_asset","LoadTest_asset438",assetImage,.jpg,image/jpeg
"image_asset","LoadTest_asset439",assetImage,.jpg,image/jpeg
"image_asset","LoadTest_asset440",assetImage,.jpg,image/jpeg
"image_asset","LoadTest_asset441",assetImage,.jpg,image/jpeg
"image_asset","LoadTest_asset442",assetImage,.jpg,image/jpeg
"image_asset","LoadTest_asset443",assetImage,.jpg,image/jpeg
"image_asset","LoadTest_asset444",assetImage,.jpg,image/jpeg
"image_asset","LoadTest_asset445",assetImage,.jpg,image/jpeg
"image_asset","LoadTest_asset446",assetImage,.jpg,image/jpeg
"image_asset","LoadTest_asset447",assetImage,.jpg,image/jpeg
"image_asset","LoadTest_asset448",assetImage,.jpg,image/jpeg
"image_asset","LoadTest_asset449",assetImage,.jpg,image/jpeg
"image_asset","LoadTest_asset450",assetImage,.jpg,image/jpeg
"image_asset","LoadTest_asset451",assetImage,.jpg,image/jpeg
"image_asset","LoadTest_asset452",assetImage,.jpg,image/jpeg
"image_asset","LoadTest_asset453",assetImage,.jpg,image/jpeg
"image_asset","LoadTest_asset454",assetImage,.jpg,image/jpeg
"image_asset","LoadTest_asset455",assetImage,.jpg,image/jpeg
"image_asset","LoadTest_asset456",assetImage,.jpg,image/jpeg
"image_asset","LoadTest_asset457",assetImage,.jpg,image/jpeg
"image_asset","LoadTest_asset458",assetImage,.jpg,image/jpeg
"image_asset","LoadTest_asset459",assetImage,.jpg,image/jpeg
"image_asset","LoadTest_asset460",assetImage,.jpg,image/jpeg
"image_asset","LoadTest_asset461",assetImage,.jpg,image/jpeg
"image_asset","LoadTest_asset462",assetImage,.jpg,image/jpeg
"image_asset","LoadTest_asset463",assetImage,.jpg,image/jpeg
"image_asset","LoadTest_asset464",assetImage,.jpg,image/jpeg
"image_asset","LoadTest_asset465",assetImage,.jpg,image/jpeg
"image_asset","LoadTest_asset466",assetImage,.jpg,image/jpeg
"image_asset","LoadTest_asset467",assetImage,.jpg,image/jpeg
"image_asset","LoadTest_asset468",assetImage,.jpg,image/jpeg
"image_asset","LoadTest_asset469",assetImage,.jpg,image/jpeg
"image_asset","LoadTest_asset470",assetImage,.jpg,image/jpeg
"image_asset","LoadTest_asset471",assetImage,.jpg,image/jpeg
"image_asset","LoadTest_asset472",assetImage,.jpg,image/jpeg
"image_asset","LoadTest_asset473",assetImage,.jpg,image/jpeg
"image_asset","LoadTest_asset474",assetImage,.jpg,image/jpeg
"image_asset","LoadTest_asset475",assetImage,.jpg,image/jpeg
"image_asset","LoadTest_asset476",assetImage,.jpg,image/jpeg
"image_asset","LoadTest_asset477",assetImage,.jpg,image/jpeg
"image_asset","LoadTest_asset478",assetImage,.jpg,image/jpeg
"image_asset","LoadTest_asset479",assetImage,.jpg,image/jpeg
"image_asset","LoadTest_asset480",assetImage,.jpg,image/jpeg
"image_asset","LoadTest_asset481",assetImage,.jpg,image/jpeg
"image_asset","LoadTest_asset482",assetImage,.jpg,image/jpeg
"image_asset","LoadTest_asset483",assetImage,.jpg,image/jpeg
"image_asset","LoadTest_asset484",assetImage,.jpg,image/jpeg
"image_asset","LoadTest_asset485",assetImage,.jpg,image/jpeg
"image_asset","LoadTest_asset486",assetImage,.jpg,image/jpeg
"image_asset","LoadTest_asset487",assetImage,.jpg,image/jpeg
"image_asset","LoadTest_asset488",assetImage,.jpg,image/jpeg
"image_asset","LoadTest_asset489",assetImage,.jpg,image/jpeg
"image_asset","LoadTest_asset490",assetImage,.jpg,image/jpeg
"image_asset","LoadTest_asset491",assetImage,.jpg,image/jpeg
"image_asset","LoadTest_asset492",assetImage,.jpg,image/jpeg
"image_asset","LoadTest_asset493",assetImage,.jpg,image/jpeg
"image_asset","LoadTest_asset494",assetImage,.jpg,image/jpeg
"image_asset","LoadTest_asset495",assetImage,.jpg,image/jpeg
"image_asset","LoadTest_asset496",assetImage,.jpg,image/jpeg
"image_asset","LoadTest_asset497",assetImage,.jpg,image/jpeg
"image_asset","LoadTest_asset498",assetImage,.jpg,image/jpeg
"image_asset","LoadTest_asset499",assetImage,.jpg,image/jpeg
"image_asset","LoadTest_asset500",assetImage,.jpg,image/jpeg