user1,dXNlcjE6OlNvbWZ5MTIzNA==
user2,dXNlcjE6OlNvbWZ5MTIzNA==
user3,dXNlcjE6OlNvbWZ5MTIzNA==
user4,dXNlcjE6OlNvbWZ5MTIzNA==
user5,dXNlcjE6OlNvbWZ5MTIzNA==
user6,dXNlcjE6OlNvbWZ5MTIzNA==
user7,dXNlcjE6OlNvbWZ5MTIzNA==
user8,dXNlcjE6OlNvbWZ5MTIzNA==
user9,dXNlcjE6OlNvbWZ5MTIzNA==
user10,dXNlcjE6OlNvbWZ5MTIzNA==
user11,dXNlcjE6OlNvbWZ5MTIzNA==
user12,dXNlcjE6OlNvbWZ5MTIzNA==
user13,dXNlcjE6OlNvbWZ5MTIzNA==
user14,dXNlcjE6OlNvbWZ5MTIzNA==
user15,dXNlcjE6OlNvbWZ5MTIzNA==
user16,dXNlcjE6OlNvbWZ5MTIzNA==
user17,dXNlcjE6OlNvbWZ5MTIzNA==
user18,dXNlcjE6OlNvbWZ5MTIzNA==
user19,dXNlcjE6OlNvbWZ5MTIzNA==
user20,dXNlcjE6OlNvbWZ5MTIzNA==
user21,dXNlcjE6OlNvbWZ5MTIzNA==
user22,dXNlcjE6OlNvbWZ5MTIzNA==
user23,dXNlcjE6OlNvbWZ5MTIzNA==
user24,dXNlcjE6OlNvbWZ5MTIzNA==
user25,dXNlcjE6OlNvbWZ5MTIzNA==
user26,dXNlcjE6OlNvbWZ5MTIzNA==
user27,dXNlcjE6OlNvbWZ5MTIzNA==
user28,dXNlcjE6OlNvbWZ5MTIzNA==
user29,dXNlcjE6OlNvbWZ5MTIzNA==
user30,dXNlcjE6OlNvbWZ5MTIzNA==
user31,dXNlcjE6OlNvbWZ5MTIzNA==
user32,dXNlcjE6OlNvbWZ5MTIzNA==
user33,dXNlcjE6OlNvbWZ5MTIzNA==
user34,dXNlcjE6OlNvbWZ5MTIzNA==
user35,dXNlcjE6OlNvbWZ5MTIzNA==
user36,dXNlcjE6OlNvbWZ5MTIzNA==
user37,dXNlcjE6OlNvbWZ5MTIzNA==
user38,dXNlcjE6OlNvbWZ5MTIzNA==
user39,dXNlcjE6OlNvbWZ5MTIzNA==
user40,dXNlcjE6OlNvbWZ5MTIzNA==
user41,dXNlcjE6OlNvbWZ5MTIzNA==
user42,dXNlcjE6OlNvbWZ5MTIzNA==
user43,dXNlcjE6OlNvbWZ5MTIzNA==
user44,dXNlcjE6OlNvbWZ5MTIzNA==
user45,dXNlcjE6OlNvbWZ5MTIzNA==
user46,dXNlcjE6OlNvbWZ5MTIzNA==
user47,dXNlcjE6OlNvbWZ5MTIzNA==
user48,dXNlcjE6OlNvbWZ5MTIzNA==
user49,dXNlcjE6OlNvbWZ5MTIzNA==
user50,dXNlcjE6OlNvbWZ5MTIzNA==
user51,dXNlcjE6OlNvbWZ5MTIzNA==
user52,dXNlcjE6OlNvbWZ5MTIzNA==
user53,dXNlcjE6OlNvbWZ5MTIzNA==
user54,dXNlcjE6OlNvbWZ5MTIzNA==
user55,dXNlcjE6OlNvbWZ5MTIzNA==
user56,dXNlcjE6OlNvbWZ5MTIzNA==
user57,dXNlcjE6OlNvbWZ5MTIzNA==
user58,dXNlcjE6OlNvbWZ5MTIzNA==
user59,dXNlcjE6OlNvbWZ5MTIzNA==
user60,dXNlcjE6OlNvbWZ5MTIzNA==
user61,dXNlcjE6OlNvbWZ5MTIzNA==
user62,dXNlcjE6OlNvbWZ5MTIzNA==
user63,dXNlcjE6OlNvbWZ5MTIzNA==
user64,dXNlcjE6OlNvbWZ5MTIzNA==
user65,dXNlcjE6OlNvbWZ5MTIzNA==
user66,dXNlcjE6OlNvbWZ5MTIzNA==
user67,dXNlcjE6OlNvbWZ5MTIzNA==
user68,dXNlcjE6OlNvbWZ5MTIzNA==
user69,dXNlcjE6OlNvbWZ5MTIzNA==
user70,dXNlcjE6OlNvbWZ5MTIzNA==
user71,dXNlcjE6OlNvbWZ5MTIzNA==
user72,dXNlcjE6OlNvbWZ5MTIzNA==
user73,dXNlcjE6OlNvbWZ5MTIzNA==
user74,dXNlcjE6OlNvbWZ5MTIzNA==
user75,dXNlcjE6OlNvbWZ5MTIzNA==
user76,dXNlcjE6OlNvbWZ5MTIzNA==
user77,dXNlcjE6OlNvbWZ5MTIzNA==
user78,dXNlcjE6OlNvbWZ5MTIzNA==
user79,dXNlcjE6OlNvbWZ5MTIzNA==
user80,dXNlcjE6OlNvbWZ5MTIzNA==
user81,dXNlcjE6OlNvbWZ5MTIzNA==
user82,dXNlcjE6OlNvbWZ5MTIzNA==
user83,dXNlcjE6OlNvbWZ5MTIzNA==
user84,dXNlcjE6OlNvbWZ5MTIzNA==
user85,dXNlcjE6OlNvbWZ5MTIzNA==
user86,dXNlcjE6OlNvbWZ5MTIzNA==
user87,dXNlcjE6OlNvbWZ5MTIzNA==
user88,dXNlcjE6OlNvbWZ5MTIzNA==
user89,dXNlcjE6OlNvbWZ5MTIzNA==
user90,dXNlcjE6OlNvbWZ5MTIzNA==
user91,dXNlcjE6OlNvbWZ5MTIzNA==
user92,dXNlcjE6OlNvbWZ5MTIzNA==
user93,dXNlcjE6OlNvbWZ5MTIzNA==
user94,dXNlcjE6OlNvbWZ5MTIzNA==
user95,dXNlcjE6OlNvbWZ5MTIzNA==
user96,dXNlcjE6OlNvbWZ5MTIzNA==
user97,dXNlcjE6OlNvbWZ5MTIzNA==
user98,dXNlcjE6OlNvbWZ5MTIzNA==
user99,dXNlcjE6OlNvbWZ5MTIzNA==
user100,dXNlcjE6OlNvbWZ5MTIzNA==
user101,dXNlcjE6OlNvbWZ5MTIzNA==
user102,dXNlcjE6OlNvbWZ5MTIzNA==
user103,dXNlcjE6OlNvbWZ5MTIzNA==
user104,dXNlcjE6OlNvbWZ5MTIzNA==
user105,dXNlcjE6OlNvbWZ5MTIzNA==
user106,dXNlcjE6OlNvbWZ5MTIzNA==
user107,dXNlcjE6OlNvbWZ5MTIzNA==
user108,dXNlcjE6OlNvbWZ5MTIzNA==
user109,dXNlcjE6OlNvbWZ5MTIzNA==
user110,dXNlcjE6OlNvbWZ5MTIzNA==
user111,dXNlcjE6OlNvbWZ5MTIzNA==
user112,dXNlcjE6OlNvbWZ5MTIzNA==
user113,dXNlcjE6OlNvbWZ5MTIzNA==
user114,dXNlcjE6OlNvbWZ5MTIzNA==
user115,dXNlcjE6OlNvbWZ5MTIzNA==
user116,dXNlcjE6OlNvbWZ5MTIzNA==
user117,dXNlcjE6OlNvbWZ5MTIzNA==
user118,dXNlcjE6OlNvbWZ5MTIzNA==
user119,dXNlcjE6OlNvbWZ5MTIzNA==
user120,dXNlcjE6OlNvbWZ5MTIzNA==
user121,dXNlcjE6OlNvbWZ5MTIzNA==
user122,dXNlcjE6OlNvbWZ5MTIzNA==
user123,dXNlcjE6OlNvbWZ5MTIzNA==
user124,dXNlcjE6OlNvbWZ5MTIzNA==
user125,dXNlcjE6OlNvbWZ5MTIzNA==
user126,dXNlcjE6OlNvbWZ5MTIzNA==
user127,dXNlcjE6OlNvbWZ5MTIzNA==
user128,dXNlcjE6OlNvbWZ5MTIzNA==
user129,dXNlcjE6OlNvbWZ5MTIzNA==
user130,dXNlcjE6OlNvbWZ5MTIzNA==
user131,dXNlcjE6OlNvbWZ5MTIzNA==
user132,dXNlcjE6OlNvbWZ5MTIzNA==
user133,dXNlcjE6OlNvbWZ5MTIzNA==
user134,dXNlcjE6OlNvbWZ5MTIzNA==
user135,dXNlcjE6OlNvbWZ5MTIzNA==
user136,dXNlcjE6OlNvbWZ5MTIzNA==
user137,dXNlcjE6OlNvbWZ5MTIzNA==
user138,dXNlcjE6OlNvbWZ5MTIzNA==
user139,dXNlcjE6OlNvbWZ5MTIzNA==
user140,dXNlcjE6OlNvbWZ5MTIzNA==
user141,dXNlcjE6OlNvbWZ5MTIzNA==
user142,dXNlcjE6OlNvbWZ5MTIzNA==
user143,dXNlcjE6OlNvbWZ5MTIzNA==
user144,dXNlcjE6OlNvbWZ5MTIzNA==
user145,dXNlcjE6OlNvbWZ5MTIzNA==
user146,dXNlcjE6OlNvbWZ5MTIzNA==
user147,dXNlcjE6OlNvbWZ5MTIzNA==
user148,dXNlcjE6OlNvbWZ5MTIzNA==
user149,dXNlcjE6OlNvbWZ5MTIzNA==
user150,dXNlcjE6OlNvbWZ5MTIzNA==
user151,dXNlcjE6OlNvbWZ5MTIzNA==
user152,dXNlcjE6OlNvbWZ5MTIzNA==
user153,dXNlcjE6OlNvbWZ5MTIzNA==
user154,dXNlcjE6OlNvbWZ5MTIzNA==
user155,dXNlcjE6OlNvbWZ5MTIzNA==
user156,dXNlcjE6OlNvbWZ5MTIzNA==
user157,dXNlcjE6OlNvbWZ5MTIzNA==
user158,dXNlcjE6OlNvbWZ5MTIzNA==
user159,dXNlcjE6OlNvbWZ5MTIzNA==
user160,dXNlcjE6OlNvbWZ5MTIzNA==
user161,dXNlcjE6OlNvbWZ5MTIzNA==
user162,dXNlcjE6OlNvbWZ5MTIzNA==
user163,dXNlcjE6OlNvbWZ5MTIzNA==
user164,dXNlcjE6OlNvbWZ5MTIzNA==
user165,dXNlcjE6OlNvbWZ5MTIzNA==
user166,dXNlcjE6OlNvbWZ5MTIzNA==
user167,dXNlcjE6OlNvbWZ5MTIzNA==
user168,dXNlcjE6OlNvbWZ5MTIzNA==
user169,dXNlcjE6OlNvbWZ5MTIzNA==
user170,dXNlcjE6OlNvbWZ5MTIzNA==
user171,dXNlcjE6OlNvbWZ5MTIzNA==
user172,dXNlcjE6OlNvbWZ5MTIzNA==
user173,dXNlcjE6OlNvbWZ5MTIzNA==
user174,dXNlcjE6OlNvbWZ5MTIzNA==
user175,dXNlcjE6OlNvbWZ5MTIzNA==
user176,dXNlcjE6OlNvbWZ5MTIzNA==
user177,dXNlcjE6OlNvbWZ5MTIzNA==
user178,dXNlcjE6OlNvbWZ5MTIzNA==
user179,dXNlcjE6OlNvbWZ5MTIzNA==
user180,dXNlcjE6OlNvbWZ5MTIzNA==
user181,dXNlcjE6OlNvbWZ5MTIzNA==
user182,dXNlcjE6OlNvbWZ5MTIzNA==
user183,dXNlcjE6OlNvbWZ5MTIzNA==
user184,dXNlcjE6OlNvbWZ5MTIzNA==
user185,dXNlcjE6OlNvbWZ5MTIzNA==
user186,dXNlcjE6OlNvbWZ5MTIzNA==
user187,dXNlcjE6OlNvbWZ5MTIzNA==
user188,dXNlcjE6OlNvbWZ5MTIzNA==
user189,dXNlcjE6OlNvbWZ5MTIzNA==
user190,dXNlcjE6OlNvbWZ5MTIzNA==
user191,dXNlcjE6OlNvbWZ5MTIzNA==
user192,dXNlcjE6OlNvbWZ5MTIzNA==
user193,dXNlcjE6OlNvbWZ5MTIzNA==
user194,dXNlcjE6OlNvbWZ5MTIzNA==
user195,dXNlcjE6OlNvbWZ5MTIzNA==
user196,dXNlcjE6OlNvbWZ5MTIzNA==
user197,dXNlcjE6OlNvbWZ5MTIzNA==
user198,dXNlcjE6OlNvbWZ5MTIzNA==
user199,dXNlcjE6OlNvbWZ5MTIzNA==
user200,dXNlcjE6OlNvbWZ5MTIzNA==
user201,dXNlcjE6OlNvbWZ5MTIzNA==
user202,dXNlcjE6OlNvbWZ5MTIzNA==
user203,dXNlcjE6OlNvbWZ5MTIzNA==
user204,dXNlcjE6OlNvbWZ5MTIzNA==
user205,dXNlcjE6OlNvbWZ5MTIzNA==
user206,dXNlcjE6OlNvbWZ5MTIzNA==
user207,dXNlcjE6OlNvbWZ5MTIzNA==
user208,dXNlcjE6OlNvbWZ5MTIzNA==
user209,dXNlcjE6OlNvbWZ5MTIzNA==
user210,dXNlcjE6OlNvbWZ5MTIzNA==
user211,dXNlcjE6OlNvbWZ5MTIzNA==
user212,dXNlcjE6OlNvbWZ5MTIzNA==
user213,dXNlcjE6OlNvbWZ5MTIzNA==
user214,dXNlcjE6OlNvbWZ5MTIzNA==
user215,dXNlcjE6OlNvbWZ5MTIzNA==
user216,dXNlcjE6OlNvbWZ5MTIzNA==
user217,dXNlcjE6OlNvbWZ5MTIzNA==
user218,dXNlcjE6OlNvbWZ5MTIzNA==
user219,dXNlcjE6OlNvbWZ5MTIzNA==
user220,dXNlcjE6OlNvbWZ5MTIzNA==
user221,dXNlcjE6OlNvbWZ5MTIzNA==
user222,dXNlcjE6OlNvbWZ5MTIzNA==
user223,dXNlcjE6OlNvbWZ5MTIzNA==
user224,dXNlcjE6OlNvbWZ5MTIzNA==
user225,dXNlcjE6OlNvbWZ5MTIzNA==
user226,dXNlcjE6OlNvbWZ5MTIzNA==
user227,dXNlcjE6OlNvbWZ5MTIzNA==
user228,dXNlcjE6OlNvbWZ5MTIzNA==
user229,dXNlcjE6OlNvbWZ5MTIzNA==
user230,dXNlcjE6OlNvbWZ5MTIzNA==
user231,dXNlcjE6OlNvbWZ5MTIzNA==
user232,dXNlcjE6OlNvbWZ5MTIzNA==
user233,dXNlcjE6OlNvbWZ5MTIzNA==
user234,dXNlcjE6OlNvbWZ5MTIzNA==
user235,dXNlcjE6OlNvbWZ5MTIzNA==
user236,dXNlcjE6OlNvbWZ5MTIzNA==
user237,dXNlcjE6OlNvbWZ5MTIzNA==
user238,dXNlcjE6OlNvbWZ5MTIzNA==
user239,dXNlcjE6OlNvbWZ5MTIzNA==
user240,dXNlcjE6OlNvbWZ5MTIzNA==
user241,dXNlcjE6OlNvbWZ5MTIzNA==
user242,dXNlcjE6OlNvbWZ5MTIzNA==
user243,dXNlcjE6OlNvbWZ5MTIzNA==
user244,dXNlcjE6OlNvbWZ5MTIzNA==
user245,dXNlcjE6OlNvbWZ5MTIzNA==
user246,dXNlcjE6OlNvbWZ5MTIzNA==
user247,dXNlcjE6OlNvbWZ5MTIzNA==
user248,dXNlcjE6OlNvbWZ5MTIzNA==
user249,dXNlcjE6OlNvbWZ5MTIzNA==
user250,dXNlcjE6OlNvbWZ5MTIzNA==
user251,dXNlcjE6OlNvbWZ5MTIzNA==
user252,dXNlcjE6OlNvbWZ5MTIzNA==
user253,dXNlcjE6OlNvbWZ5MTIzNA==
user254,dXNlcjE6OlNvbWZ5MTIzNA==
user255,dXNlcjE6OlNvbWZ5MTIzNA==
user256,dXNlcjE6OlNvbWZ5MTIzNA==
user257,dXNlcjE6OlNvbWZ5MTIzNA==
user258,dXNlcjE6OlNvbWZ5MTIzNA==
user259,dXNlcjE6OlNvbWZ5MTIzNA==
user260,dXNlcjE6OlNvbWZ5MTIzNA==
user261,dXNlcjE6OlNvbWZ5MTIzNA==
user262,dXNlcjE6OlNvbWZ5MTIzNA==
user263,dXNlcjE6OlNvbWZ5MTIzNA==
user264,dXNlcjE6OlNvbWZ5MTIzNA==
user265,dXNlcjE6OlNvbWZ5MTIzNA==
user266,dXNlcjE6OlNvbWZ5MTIzNA==
user267,dXNlcjE6OlNvbWZ5MTIzNA==
user268,dXNlcjE6OlNvbWZ5MTIzNA==
user269,dXNlcjE6OlNvbWZ5MTIzNA==
user270,dXNlcjE6OlNvbWZ5MTIzNA==
user271,dXNlcjE6OlNvbWZ5MTIzNA==
user272,dXNlcjE6OlNvbWZ5MTIzNA==
user273,dXNlcjE6OlNvbWZ5MTIzNA==
user274,dXNlcjE6OlNvbWZ5MTIzNA==
user275,dXNlcjE6OlNvbWZ5MTIzNA==
user276,dXNlcjE6OlNvbWZ5MTIzNA==
user277,dXNlcjE6OlNvbWZ5MTIzNA==
user278,dXNlcjE6OlNvbWZ5MTIzNA==
user279,dXNlcjE6OlNvbWZ5MTIzNA==
user280,dXNlcjE6OlNvbWZ5MTIzNA==
user281,dXNlcjE6OlNvbWZ5MTIzNA==
user282,dXNlcjE6OlNvbWZ5MTIzNA==
user283,dXNlcjE6OlNvbWZ5MTIzNA==
user284,dXNlcjE6OlNvbWZ5MTIzNA==
user285,dXNlcjE6OlNvbWZ5MTIzNA==
user286,dXNlcjE6OlNvbWZ5MTIzNA==
user287,dXNlcjE6OlNvbWZ5MTIzNA==
user288,dXNlcjE6OlNvbWZ5MTIzNA==
user289,dXNlcjE6OlNvbWZ5MTIzNA==
user290,dXNlcjE6OlNvbWZ5MTIzNA==
user291,dXNlcjE6OlNvbWZ5MTIzNA==
user292,dXNlcjE6OlNvbWZ5MTIzNA==
user293,dXNlcjE6OlNvbWZ5MTIzNA==
user294,dXNlcjE6OlNvbWZ5MTIzNA==
user295,dXNlcjE6OlNvbWZ5MTIzNA==
user296,dXNlcjE6OlNvbWZ5MTIzNA==
user297,dXNlcjE6OlNvbWZ5MTIzNA==
user298,dXNlcjE6OlNvbWZ5MTIzNA==
user299,dXNlcjE6OlNvbWZ5MTIzNA==
user300,dXNlcjE6OlNvbWZ5MTIzNA==
