fb002b15-adf4-4e41-881c-8daf8ab4ea0e,bb76a8f6-a6d7-4547-9557-3e7bf1192add,standardArticleAssetRelationship
880ac531-f4ff-4c18-b82a-3f73beb70330,2d58b5e0-4652-4ccb-a6a2-217cb0511818,standardArticleAssetRelationship
3037bb89-8141-4f10-ad01-10bcbdc74b3d,9d77a55d-526f-494f-b55b-0712ad95250b,standardArticleAssetRelationship
cbb58ad7-bc5c-459c-960f-6241e1153166,38358b6a-1fa7-459b-b60b-364a8280d120,standardArticleAssetRelationship
de7c44cc-b3e5-4c70-b0aa-e4dd4df64e15,a98ec09b-9a7e-48e3-ba27-32604bd40477,standardArticleAssetRelationship
2671abc3-4772-4711-9306-2998344689a7,3bb4686a-153f-4352-bc8a-21ae28b3daae,standardArticleAssetRelationship
2fa1e832-5ee9-46ae-b0b1-5ba135a5e83e,b11e239e-8a86-4ef2-81d7-0cbec302b250,standardArticleAssetRelationship
c679f3a7-bad6-4345-bc6c-c420a06a394a,3c540b8c-ddf2-4453-ad6c-3d4cc4be4d8c,standardArticleAssetRelationship
46e3a4cd-2408-491b-b9e5-0d670a2f195b,7844c8b5-5680-4ea3-97ba-01be0fde508d,standardArticleAssetRelationship
20ebbb17-bf18-43f1-ad61-c6e6c1e9d2e5,6122ae7c-1d63-4ac1-bb54-747da1912f43,standardArticleAssetRelationship
cd7e51f7-9f74-4034-9840-5635ab0423e3,44d75dc7-de46-4146-b514-a06b082560e1,standardArticleAssetRelationship
4fbdbeb9-0b4b-44cc-9d46-839f2890b9ec,75311f43-da0e-47ce-974c-901b996fa16b,standardArticleAssetRelationship
387a2ac6-31c9-46d7-bac6-f43877675683,0c621058-9761-45cc-83f5-256a7fe91967,standardArticleAssetRelationship
6ce998fb-08a1-4d9e-bd48-7a97d218f54a,3fe03ce6-74c1-44e1-ac96-0c49d6e662b2,standardArticleAssetRelationship
0824f5cb-fa8a-44c0-b734-29a92368fe87,ebae1251-ec7c-44a1-ab6e-a2c67bc2c9d4,standardArticleAssetRelationship
3d8ff2da-d74e-41a0-b495-5dc326145339,dcae4e9a-9e80-4f55-8614-30b6cb1e7bbe,standardArticleAssetRelationship
a18b2e38-443e-462e-841d-60cf5c35667b,4de88e0a-66a0-43fa-9150-954a58dbcd47,standardArticleAssetRelationship
18b1a8c2-b4e7-456d-94da-10df64719a4e,37e25248-3a0f-4a89-94e9-b46eb6d013da,standardArticleAssetRelationship
06e3c38e-a129-4269-8006-eaf963b6b68e,fe572473-d477-43f5-b1b5-e3fcb63e1cc3,standardArticleAssetRelationship
7af9ff48-7b9d-471b-ae2d-05b37bac9b12,537a7796-e561-4495-966b-b6af45fc1ce5,standardArticleAssetRelationship
7e2d995f-468c-428a-9c06-a499fbcf8d7d,4cfcef8d-cbbb-4f70-bb30-2887bdc0756b,standardArticleAssetRelationship
9537e7b9-b067-4e5d-a11c-9b4fc5af51ad,e2d5e326-1d5f-4c39-bf3e-26fe20322b5c,standardArticleAssetRelationship
28b5fc67-3c32-4421-86e8-bac5c6ee4306,7fc3e044-64a8-423e-8aab-9a9c1af88145,standardArticleAssetRelationship
4f072d1d-06d3-4f47-832b-2321c2f53732,eb5a2abb-4d2c-4bb4-9c47-c5efbd0bb776,standardArticleAssetRelationship
15b44e62-3c58-4845-91e2-a7fe7a392b28,18ae65ef-ddbf-48ef-8acc-ddf98259531d,standardArticleAssetRelationship
0ae09cb7-4d36-401c-bcab-1e00caa27df6,2ccd428c-bdf9-458d-b38b-1de3c856977a,standardArticleAssetRelationship
9092da88-76ba-4977-8155-c1e5be845bf5,47c326a1-4d93-4c09-a71a-151d86390823,standardArticleAssetRelationship
e7d65fc8-1559-4652-bfc9-f2c9a4cd8630,cbf08c22-cd2a-44d9-9289-932d02e164fc,standardArticleAssetRelationship
ae3649c5-b535-4249-9e7d-4123d81f3118,776c352f-07fa-4cdc-8bd3-b0839e30ed1f,standardArticleAssetRelationship
1abdb7dc-946b-4336-b5b7-cac3055d384e,08601ff5-4445-45a0-9982-fb746a817fee,standardArticleAssetRelationship
c0584d13-ead4-4a11-9d40-811267e9168c,6dc1f6bc-98aa-4716-a05b-b91ac69c3196,standardArticleAssetRelationship
f6b7880c-0799-4178-84fa-1fcc902f3e22,670a96ed-f3e6-47de-a7b2-aa3eba39307f,standardArticleAssetRelationship
848d7d49-e805-426b-a9ed-88595e545d9e,4aecdddb-97b1-4df6-a2b1-4cdfad972dea,standardArticleAssetRelationship
1cac8da5-9103-440d-baa5-37540a77af57,ec61d927-964b-476e-b93f-0cb6601a8fea,standardArticleAssetRelationship
dbfafb0c-526e-4ea7-b4f0-40f2b6b42d02,f777b2c7-f185-4816-821a-60750ec0796d,standardArticleAssetRelationship
dbb37f64-f23c-4baa-a863-0fb9d83ee846,7cc7d0dd-915a-4910-8d66-dd787658695a,standardArticleAssetRelationship
24b7cfa0-d734-4074-8d03-933236e24366,9614aaf8-abdc-4bc0-a1ad-5f44efb05245,standardArticleAssetRelationship
6d4fd686-c6e7-4b1a-a430-06cbb1bfdedc,299e474c-930c-4823-9423-597cc3116b27,standardArticleAssetRelationship
8a7baf0b-8d84-444f-97ad-3898f1232abc,df5c273f-88b9-4642-a56d-1d13a6373366,standardArticleAssetRelationship
40fb0c32-fe41-4059-940e-762b8b858686,67ac940d-7111-41c5-86a2-a5e734d44b41,standardArticleAssetRelationship
419659a5-311f-4b31-9dc4-3366158a4cb0,c793580a-5adb-4b2a-800d-e8a9136559cd,standardArticleAssetRelationship
a122aeeb-2087-4066-b688-001048ddf94a,43409cc5-4371-4acc-9ad5-57194f572139,standardArticleAssetRelationship
5fdc592a-a724-4800-92fa-bf645a1b5074,a4df7ceb-517b-4d03-bee9-8561f7730300,standardArticleAssetRelationship
b2f71a2b-4fe5-46c6-8403-2d3b5ad92b84,50f4a390-367a-4be5-9018-877bbb95d5f7,standardArticleAssetRelationship
003e9c48-ca11-4db7-885e-949e1ed8e744,a24c9380-ca24-4769-9414-8478c86ae0ce,standardArticleAssetRelationship
afa07baa-a708-4fd0-a8b2-75c95bc3e783,4677e9a9-2a07-49e9-a25e-f6207ab47973,standardArticleAssetRelationship
c73400d5-d7f4-43f7-a61d-e946b24dfad4,a9ca0923-2ee5-4ef2-8ba6-d134d55d5336,standardArticleAssetRelationship
7cac4bd0-18b3-46a6-b1a8-ba1facfcc66d,ded7a0e8-7614-49e4-9f7e-4b1aefca83aa,standardArticleAssetRelationship
21e731d4-0da2-4573-8f3e-0dd96b78e0ca,cef69e31-adf7-4343-a587-7cfd7ddb9983,standardArticleAssetRelationship
7d2a3d28-f916-4375-827e-f317c8cb7889,2d54072a-ee18-4cba-ba85-0304898aad79,standardArticleAssetRelationship
7c85410a-b0a1-4df2-b5af-c9187a70ace7,e593bc38-8fe8-403e-94f5-85ba970561cc,standardArticleAssetRelationship
a1f0d4ce-02fc-49e5-9c22-dc244982a97b,73e8fa83-a54d-4fc8-8a6e-a499c6273cb0,standardArticleAssetRelationship
199c436c-3761-414f-8cb7-7ae72abbee3a,0a07b063-f034-464c-927b-9a7f9c6fd4f5,standardArticleAssetRelationship
990c4a5c-e580-4dd7-94e0-80a0525fa3ab,e44a1267-1536-4c73-aa49-df73e09a6ed5,standardArticleAssetRelationship
c7b0495e-3ab1-4fca-9375-5a15b8930011,e8a5b047-ceaa-4167-b1a6-4cb3aaf01884,standardArticleAssetRelationship
a3e5a35c-dacd-430d-a408-d7df0cf839ba,fff37080-406e-4283-801a-618c2e49806f,standardArticleAssetRelationship
407bf660-9344-40ec-ad0d-74847b830c7a,9deaf472-923e-45a2-b4f8-9fba2585542d,standardArticleAssetRelationship
d06787be-10ff-45bf-af30-4fb799031ee8,abf60f55-3f66-4d0b-a17e-c7a5f0bd2362,standardArticleAssetRelationship
20d053aa-15eb-4850-af30-e0d319cb19e5,14d65b0d-181e-49b9-ae60-1a6edd9f1117,standardArticleAssetRelationship
fda26812-8b8a-4130-a265-26960579f4ca,8999ae1f-7056-41de-bf89-aea03537aca6,standardArticleAssetRelationship
789a23ae-0dae-4aff-b772-281318d35125,bc516acd-3263-4c5f-94bb-722f8898b7ce,standardArticleAssetRelationship
9ad457ed-08ca-438b-bb3c-a00fb0ba7a63,28ffbd0e-f54a-47f7-aa32-ef828b1f0775,standardArticleAssetRelationship
76c724fc-5d2c-40ac-bfc9-e9519883ed6c,1f9b0f66-345a-4ce8-bb17-25a3cec001cb,standardArticleAssetRelationship
b33fc189-5e01-4e5d-9715-11d8f1850819,f72a0c64-18df-4027-b7b3-80a435b59b20,standardArticleAssetRelationship
a8c912d0-220a-4563-b63b-72b38fa36527,21e5c00b-5945-43e5-8781-9a50a7a1a519,standardArticleAssetRelationship
d5c1b626-c73c-4a85-bd2f-76c9dc123cab,ebf5bd49-6808-410d-a419-8f6a763fdf18,standardArticleAssetRelationship
2e796d61-2e6b-4801-b20f-472bca0da46d,9c8ff82e-a5ff-4696-8c23-3896cbdc9b3a,standardArticleAssetRelationship
0518499a-ce80-4cb9-845e-8c5899c71a73,c872209a-a503-4d7e-bf5a-42c820e2b80e,standardArticleAssetRelationship
b0aa16f2-915b-41bb-af8f-6d4cd004b529,3b68a223-8693-4f90-ab04-2040020f45d4,standardArticleAssetRelationship
2a92e663-4052-4eb2-be6c-7bf6de30215f,2235cbd2-ac58-48d8-8767-e3d3716bbf7d,standardArticleAssetRelationship
603608ba-ad73-4793-8e95-0c4c7bd1320d,1cd780cb-aafe-4b31-99f8-56a9a2e85eb7,standardArticleAssetRelationship
3bc29094-efb2-4fee-b6d9-f45543fb1b7e,ffbbe570-d289-438c-a113-24ac018a34a1,standardArticleAssetRelationship
28d65185-f982-420c-9ec7-f43f19d5c020,89c70582-ca1a-4641-8542-cc16d9b94426,standardArticleAssetRelationship
3787ef82-5fb2-4c1c-bd90-42820245918a,6fae549e-f75c-4ce0-b5d1-6204ea1946ad,standardArticleAssetRelationship
da2c85aa-e44d-4dd7-a931-b91cae370f99,86c3f349-dd27-4736-9209-b56c87f70e4c,standardArticleAssetRelationship
8eb47c8d-c3ae-4cf8-974a-8d003f4f6a4c,bb01a562-4572-4929-a355-85eb334730eb,standardArticleAssetRelationship
584c75e2-479d-4ab4-823b-559eb12fe2b8,73e0dc3a-81f8-4222-845f-1336cd75bcc1,standardArticleAssetRelationship
2cb86faa-27a5-4d4b-808c-a56c628db4cf,c59c5363-c0ab-4395-830a-da3d9377ae6b,standardArticleAssetRelationship
fbc46fa8-3631-4e97-abb9-fe6f5dbfccee,6d9f4384-8fc1-421c-968d-49c6770e8a11,standardArticleAssetRelationship
7b294641-8a93-4d6a-839f-fc592d84805f,0392e2bf-387a-4dff-b0a6-b88e9e5a0c79,standardArticleAssetRelationship
efd6dafa-695c-4a90-a59d-d874b32cedc5,ccfc3f7d-c44c-4c31-b07e-3c6fbc9e8d0d,standardArticleAssetRelationship
ee933701-bc35-40c1-9a07-0d82e8aaf6f1,d9416aaa-1a26-4a31-8890-a7795ab935f1,standardArticleAssetRelationship
65fd19b3-2f73-4442-ae7d-7b2ab6a981a9,2623b726-3b1c-4e4a-a39c-9844fde1ec1f,standardArticleAssetRelationship
11be2b80-84ab-49d4-927b-6f0394f85e4a,77a189bb-6664-4b43-a424-dd206b99efef,standardArticleAssetRelationship
a1741210-778b-49b4-9054-177d73ff59b3,87b02864-947d-44f9-8c0c-f37ee2308316,standardArticleAssetRelationship
c3b30be8-4324-4fcd-bd4e-d0258d11d01e,2a623d32-a04c-4a6c-95b7-3b7b57d65ab8,standardArticleAssetRelationship
98e93505-60ee-4853-a2e5-211e93d24e84,8fabdf2f-5a3e-40c1-9b97-846bd1c16aab,standardArticleAssetRelationship
5a851881-b922-45b4-b3fa-7b7227924171,ad80d6cd-4142-4d7a-8bcb-f463ea8c142b,standardArticleAssetRelationship
6bd190cd-2b18-46af-bd10-2b970701efc8,0be09f07-5aed-4f46-a7ad-2b64b934f0c3,standardArticleAssetRelationship
23ba2203-4153-496d-8dae-827fa787de0e,2b85ec15-2e34-4274-8425-13b1ed80dd12,standardArticleAssetRelationship
c855d8ac-430a-4c8c-959b-b4356ea5e6e3,a67ca647-9c91-4fb9-814b-5b359a898708,standardArticleAssetRelationship
4f964aff-3447-4c56-aabd-83cd4953a117,713a81a2-19ac-4481-9040-c6dc16a39b57,standardArticleAssetRelationship
4a13cf80-b338-4831-9a59-7b288fcc5283,b92ceb6b-80f0-43cd-829b-a9bb742cf691,standardArticleAssetRelationship
e979ce24-2afd-41e3-b5fc-e4cb7034029e,88612ecf-0244-4de5-b0e5-fe180f143ea5,standardArticleAssetRelationship
13f7a41f-3458-4c59-9237-5256b23dea7d,91eba958-5ab3-4125-aba3-657f95c3a82e,standardArticleAssetRelationship
1bb5df1a-a24a-47bc-9471-048fcd5e79b8,77330232-b9c0-4c80-990a-c2e24038cc9c,standardArticleAssetRelationship
838b9d0f-3c5e-4efa-9d98-e3dff63472a9,bf86022b-a1d5-41bf-9b5e-97ceba34f433,standardArticleAssetRelationship
bbe0abf2-3d4c-42cb-80af-65e082e7866d,5ebf8e66-c6bd-48b1-bb44-b89a814adbf6,standardArticleAssetRelationship
e7780cac-eece-4eb9-8b43-968f81c5eb8f,c8a223ec-c896-4925-a132-52e3334f817b,standardArticleAssetRelationship
845179c6-df73-4d74-8255-43dbf8feff03,65460ac7-0081-4467-9cc9-ea5d4561104f,standardArticleAssetRelationship
e0fd8907-9231-4b94-a111-df1fc71f35d6,e4fe49b2-00f7-4368-b057-8b613aaf2e24,standardArticleAssetRelationship
a07f33a5-5cce-4b5e-9e20-f8d2b184eb63,ee8c961c-9922-4142-821e-16fe7a4be7e1,standardArticleAssetRelationship
f4edf04d-5b3c-42b6-bd72-2c55dca5798b,a9467d14-5612-417d-9fd0-23873b90142b,standardArticleAssetRelationship
aefd0a66-974c-4450-a0e3-d761dfa492e8,216844d6-8e8a-4fdf-b67a-2f9247545690,standardArticleAssetRelationship
b17e8c81-b125-4d69-9593-0df7bd0fecd3,27c95429-896f-480d-adf0-43df09d6fb73,standardArticleAssetRelationship
357a3115-70dd-4a95-8a3c-00aaeb2d138d,8d0e7e03-951a-4465-ad63-c898eb11a483,standardArticleAssetRelationship
0565790f-f51a-404d-bdc4-dcec6311c051,73a79e48-f0af-44ee-ba8b-2f4e84998057,standardArticleAssetRelationship
7617d9db-a393-403b-8014-8bb84372fa66,b4dc1b49-729a-44c4-bad6-b896f934b825,standardArticleAssetRelationship
2d95ef6f-966e-4ac3-b162-272a9e081e63,52250014-da99-4246-bce8-38745c0d1478,standardArticleAssetRelationship
a5d45a61-f9e8-4f01-b4ee-f264b9c7d8f8,12c9bd0f-bf08-4214-857c-f3c52df95e5f,standardArticleAssetRelationship
38b7946c-27d7-49eb-a965-7386e67a85ac,b9dc9bf4-bf33-4022-ab8d-ba9790a86f64,standardArticleAssetRelationship
c877a36e-3d20-4096-b5a6-9366c92d9e64,cc1b8bea-73bb-4108-80ca-451486cafc03,standardArticleAssetRelationship
55381a2e-9410-449b-833f-84abb7404140,c5b87757-52b5-41c6-883e-c614007d904a,standardArticleAssetRelationship
5a58bbda-9d3c-4f50-aba4-e87b8ebc4055,956771a5-2eb6-4726-847a-a9e4141d007d,standardArticleAssetRelationship
126f0efc-3fd3-4f13-8bb2-ade4128f426a,e739cb1d-a69a-45d9-b5e3-c928e6180c08,standardArticleAssetRelationship
68ac91e4-2050-4446-88f1-951f6e390724,2d285a28-85eb-417a-9280-c8ab1ea90e79,standardArticleAssetRelationship
51836e9d-f53c-4940-960d-edfc3684e9e3,6e1df3c3-56f1-48f2-9753-5da849c026ae,standardArticleAssetRelationship
177a296f-3cd5-4491-a06e-0c2851cd11c8,b5a44268-6931-4e43-8f95-971142ba3ac8,standardArticleAssetRelationship
85421471-7dc5-4bf3-a096-88bfc3795960,763fe1d8-9fd4-414c-8812-e806ad915332,standardArticleAssetRelationship
6e9679ea-7e0e-4df9-a1e6-bdbd73fefa95,1ebb71e2-2b92-49ea-b6c6-596890b1bcb1,standardArticleAssetRelationship
58c95988-c0a6-4ca8-bee6-cdd49fb54781,d2982e5f-d0cd-4018-9eb6-21e0e1b67301,standardArticleAssetRelationship
cbcda234-b507-4578-ae39-6c5cbc9f11ac,ed788aa7-7333-4369-b116-192378d565aa,standardArticleAssetRelationship
46df2c4b-e73e-470a-bfdc-f0a321d841f3,d777328f-17ff-4074-9856-1ff0967f4331,standardArticleAssetRelationship
376e203e-c11e-4fce-8e10-2042639be4ce,ae0f7581-ad96-410d-84a2-764b6ce45ae7,standardArticleAssetRelationship
a412401b-e769-449d-956d-5903eb5c6a4f,18fdb016-223a-4202-a356-6f0295dc3320,standardArticleAssetRelationship
450bc795-9a96-4221-b464-123dff68ae72,40374aa4-c137-4d1b-8f09-9396f6f3b1c2,standardArticleAssetRelationship
623b843c-f603-4e40-8fc2-e7f2a4dbc2ef,04ede7d1-351d-4ad5-b6c8-90bf7322d439,standardArticleAssetRelationship
274b9cd1-2ff7-44e2-8e45-41907571f68d,4e53e843-f308-4a32-96d7-eefc144eb47d,standardArticleAssetRelationship
db21eee8-11b4-467c-9e04-60e059b330f4,792bd804-a58f-4797-8dc7-4a2ec0954ffb,standardArticleAssetRelationship
16ab37cf-fc20-4575-865b-68b682342cb3,cfee41b7-b29a-4d4c-9579-a1c5515fa3f5,standardArticleAssetRelationship
5d0fffc7-66d1-4f13-8ebe-f657261d674b,0d97a03e-4445-4876-8976-75010a7eeeb5,standardArticleAssetRelationship
901b345b-508a-494b-866e-04a439099a75,6a786c1e-50e8-4891-b8dd-e953cf4695ab,standardArticleAssetRelationship
e3bd22ca-de00-4300-9f1b-fba8290e02f5,9b66fcea-01d6-4050-ab00-82382e0d5786,standardArticleAssetRelationship
e114c945-93ee-48d5-aae7-c1e1c5a7fcbd,2cee7c22-2146-4644-bee1-5ae823ce084d,standardArticleAssetRelationship
92b580e5-68da-4e76-a1d9-456e150320fa,654ddb0a-b798-42ee-a401-9ae2df1010ef,standardArticleAssetRelationship
cb0d43cc-08b5-4d9f-a752-2e6cf31e18ee,2c3e4dc0-2932-4eed-b486-cdeb78bee42f,standardArticleAssetRelationship
7d57a5ea-120b-414a-8449-a35f77d5fe33,fe63135b-c85f-4f44-887a-a5163dc967bb,standardArticleAssetRelationship
373a9dc6-5263-4647-ac55-4736993d09a0,929b5266-e86b-4179-8f4f-ef4e6c4f8320,standardArticleAssetRelationship
44e9f6d2-a11f-46b0-97bf-64ddc47ebefb,7af542a4-0eda-453e-8bb2-9396889205e1,standardArticleAssetRelationship
f0bc4f11-4e27-4ac6-a412-4b6beec8096b,71baf442-2bca-487f-a362-c5e1b61bb926,standardArticleAssetRelationship
8b1ec04e-f6dd-4077-8147-ad7b75fffa15,76a9c35c-6cc9-43b2-8412-9ce2e512306c,standardArticleAssetRelationship
7f9cfd65-9fd6-4603-9b38-1c11d3f4bef4,ac533b80-254d-46c8-9daf-b1acfa55f853,standardArticleAssetRelationship
acdf27be-b1a8-45c9-b45d-4ccdffc7b83a,8186ec96-8d58-4f0e-8861-17f068c2fdc8,standardArticleAssetRelationship
5872aa22-e67b-4781-9384-599d0f81db57,ac78e265-bf13-4a7a-873e-70ead73d550d,standardArticleAssetRelationship
ab865c44-a135-4b74-9bcf-000b091874e3,fdb2da7b-95d3-43b7-bc94-72737bf06cfe,standardArticleAssetRelationship
7aaf9551-a49c-4912-a946-51a61bfc8328,30e21104-42df-4137-940a-b9e653a2f5ca,standardArticleAssetRelationship
fa461949-8b12-4b3b-8e0a-b39df9936aa7,f37a30f0-6854-4b81-a7f9-d93bd04b0f99,standardArticleAssetRelationship
28dab21a-a38e-4dec-ac39-32425e3ee95b,3a7d6253-0bc7-4103-88ca-a669f04e6e31,standardArticleAssetRelationship
617d1645-f2b7-4a21-9245-5238c041aa90,ad18cf0f-f743-4f34-862b-2e587b27a819,standardArticleAssetRelationship
d6c3862d-dd4b-41f1-940b-cf3e7fb3fd23,4484a61b-8b23-4260-9afb-30872b85b4e6,standardArticleAssetRelationship
406e04c2-ad1b-43ad-8af7-bfbe721d82a0,36f960df-9aad-4273-8722-79cce1b322e9,standardArticleAssetRelationship
55ca6bcc-4a93-4412-9678-99851cc35288,2589dd21-c651-4253-b4e2-533be1bb708e,standardArticleAssetRelationship
7985b37c-e712-44bb-9429-c73fa45ba84c,e3b8f173-25b7-4bb1-9315-3d1372e50e0a,standardArticleAssetRelationship
ec33da1c-fdfc-4351-afa9-6da8ca7bf663,60f262c8-c019-4400-8b16-aeebd91ff918,standardArticleAssetRelationship
3c1148df-0cfe-4335-8850-67cd5a52f299,bec2a4ac-d283-465f-9f2d-c9378d82cf27,standardArticleAssetRelationship
e664d2ff-5bbd-4ad0-9ee6-4411356da0be,c1bbd5e4-a2d7-4927-a0df-050c4b6a18af,standardArticleAssetRelationship
42e461c6-fe14-409f-94d5-39c344893268,b76d8686-98ca-4088-90b7-0b929edc1c6b,standardArticleAssetRelationship
a7504f87-56e0-453a-8059-4ada2b26a45f,12c40a22-7849-43d3-8a29-900222661fbc,standardArticleAssetRelationship
159af21b-6be9-4eae-9ff1-fb945b414d1a,eb8d5a43-92ec-4e0a-9358-baef445972a0,standardArticleAssetRelationship
9def02f9-e7ca-4d49-bb81-01083a50a59d,7ffdc39a-8060-4542-83d8-25da0a879a1b,standardArticleAssetRelationship
383c76ca-5642-48ca-b555-d76eec441619,eec93b7c-3fd2-4fc1-a8dc-de61a0d8915f,standardArticleAssetRelationship
c94dfe70-5c78-4910-8712-957e4c2c7d8b,a2636433-fe44-4abb-a0d4-8249df2d6bd4,standardArticleAssetRelationship
5816a475-5c4f-4b70-8ac9-96af3c9d34a7,02bb6910-5576-4970-b974-4da46b67ce11,standardArticleAssetRelationship
b1f20552-9b9d-4dc9-8578-35f4186b7e29,d332d35a-aca9-4d18-a26c-f3dd4f4eb6bc,standardArticleAssetRelationship
d9f6c416-9710-43ca-ae2e-3fcc5ceeb773,f8678748-aeb0-4284-bc47-4a60ccf1e1ea,standardArticleAssetRelationship
712df167-8b56-44d3-a17f-cf7dda23922d,a584163d-bcdd-4b88-ab21-7a271c75d4a0,standardArticleAssetRelationship
3ebd3f40-a365-4a7a-8b2f-e42a250f4553,47571f8f-2fa3-4e82-9ee8-7b06addef3a7,standardArticleAssetRelationship
dc8a6fa0-8543-4a71-9e17-14da80c3703e,b021331d-03bb-4962-89f2-b69fdbb13851,standardArticleAssetRelationship
0dc60e38-0d7b-4d30-b26e-9c3e8253c005,d4a62b55-3471-4829-859e-5eb4a446b267,standardArticleAssetRelationship
f0f5fff8-d5fc-4109-91bf-5137d28b4d2c,a007bc2a-fff0-443a-a053-16868ab8302e,standardArticleAssetRelationship
1d19f173-f0f6-4d1e-baec-c4d1f720f855,0ecf220e-b86d-4947-b8ba-2f215b93d016,standardArticleAssetRelationship
4981a779-779e-44af-a444-5be62a2d22c6,d27836d3-36fb-44c8-b99a-0439281c5c1f,standardArticleAssetRelationship
154f3ebb-5dbe-4f33-ad54-7a2d1207860b,f6056374-c8db-4f63-9430-962622527cc1,standardArticleAssetRelationship
a0987d85-8823-4c51-beef-1227a41a1ba3,c910dcc7-dab7-454c-b53d-964c63b991bd,standardArticleAssetRelationship
342b282b-cc57-4de7-bab2-3a3ff08d300f,fc73c944-710d-439d-8315-2084377fb697,standardArticleAssetRelationship
8cdcea65-60e7-4ed3-b5f2-422511db6157,53ddd8e4-19f8-4030-ae3a-216916eee585,standardArticleAssetRelationship
394c2e0d-bfbb-403a-9d0b-b67458222d00,f253e82b-359b-4dc2-8bda-352145e2ee70,standardArticleAssetRelationship
8bb5047a-d52d-4400-aa13-742f55c31f94,026227dc-e11c-458f-a0a2-69d0d303cf9a,standardArticleAssetRelationship
8df0b81a-503c-4932-8852-74ab0baf4e14,b211dd84-71a0-4b6d-8875-f36afb289d34,standardArticleAssetRelationship
8d37d25b-5872-4336-bc84-e9670f4d99a9,35fbde33-3e65-4529-81a9-d3f913c0e892,standardArticleAssetRelationship
d17aa763-9c88-4801-bc0d-d4fdd22188eb,1f0a7a8e-9531-4ad8-84c9-19fe404acb2e,standardArticleAssetRelationship
28fa6297-fcb8-4765-a489-f7ca88831242,5a1f4bbf-567a-477d-b719-d3bf1880262d,standardArticleAssetRelationship
f948a4d0-250f-4cdd-9af0-79b2ed540ce0,72a61340-4bf0-4983-9b37-f2ae2217c8c7,standardArticleAssetRelationship
ccc48e82-a2e6-4137-8786-b2f0dcc0e922,45deb893-fe2c-47a0-aa2a-e50ed508d475,standardArticleAssetRelationship
09cf4f14-0804-449d-a35a-0e657eb4dc00,05276b20-e3fb-4732-9e75-22cd0654d976,standardArticleAssetRelationship
c6c8714c-3165-4e11-99dc-89c7b7172633,587ac01a-e308-481a-a7d2-5fc62de20417,standardArticleAssetRelationship
9eca1754-3452-429c-b608-865e2e1cca0f,41ded0a4-e0dc-4639-acaf-a8925c0f61df,standardArticleAssetRelationship
1c48503a-1143-4601-a217-f741aa425ffe,815357bc-1b2e-42c9-b82e-a00e0536ffce,standardArticleAssetRelationship
991a4a4e-e1af-4631-a447-866c467c287d,ae519a7d-5784-433f-9190-4434a0a9d461,standardArticleAssetRelationship
161f0eb6-ab32-4d73-b5a5-9600ff27dc1a,06768a89-b8d1-4723-a038-ca3e8785ec52,standardArticleAssetRelationship
4d2ab4bb-751d-4c89-81eb-6084c907bd49,d94647a3-fd1b-4aaf-bfab-a9432ed23d7b,standardArticleAssetRelationship
1dec335e-8e8c-4960-992a-8a3cde842199,e03635c6-87b6-457f-ab69-a80759511d04,standardArticleAssetRelationship
04d0a4c3-863f-4906-a2eb-efbadf6fabee,e8101783-e4f5-45dd-9313-8ce87d835bfe,standardArticleAssetRelationship
6c9964cf-a293-4f0f-9b42-b0467b156d39,5b58f3f8-5a0e-4a4b-8477-c4b9ad88e68f,standardArticleAssetRelationship
f1e90354-54c1-4855-b80f-7317e48b0fb5,493d170a-4643-4641-9ba5-954aedbadbe8,standardArticleAssetRelationship
ba2d99e8-1467-499b-a38b-ffd3cf1e7880,707cf28d-3583-4f20-8bb7-e916d5354f00,standardArticleAssetRelationship
80943777-c793-4e50-8bed-0eaa11f413a8,3431170f-d242-47cc-8fd9-50b1b08b60fb,standardArticleAssetRelationship
b0ff7efc-d2c8-4677-90c6-f735e970b68e,355b02b9-87d5-4c82-b3f2-6b87ed84d825,standardArticleAssetRelationship
1e8a93a2-e517-4eb4-b666-73e31a73f429,96f03f14-80e2-4270-8baf-f4fed99fed18,standardArticleAssetRelationship
8dca8bfc-72d3-4c1c-8a90-d9d0962b8dce,ec6ea592-c574-4f82-bc29-4324b61bca1e,standardArticleAssetRelationship
9ee51910-d4bf-46d8-b8f5-7539b267a41b,ac1aa510-797a-4872-8820-2faa92a49562,standardArticleAssetRelationship
3be3ea33-3c14-44e3-bc27-26f6eeb95601,66a81ec8-a089-47e2-a78c-c67268d7e3e4,standardArticleAssetRelationship
c02ab881-2c88-4363-b8eb-ff658fda150f,a9a2e55c-d752-478e-92a3-c2f2ed44d575,standardArticleAssetRelationship
2c66be3a-26e1-4a22-9d7c-347ee58cd230,3bc0980c-9b51-47b6-9f5a-93926799a44f,standardArticleAssetRelationship
82ad27b0-cd1f-492a-959e-b3efe4a00cc0,0b9eeee0-7e5c-4a0c-8cf2-469ca3574ec7,standardArticleAssetRelationship
3d29a442-9e01-40cf-8a7d-d977c27c2194,f4d42a05-dc80-42b3-a18e-a48de5bee48e,standardArticleAssetRelationship
fa096a93-deb5-4051-8d77-a47cbad0827f,4b15d0f5-44e3-4ccc-bac6-816400845edd,standardArticleAssetRelationship
263327c8-c486-4ec8-82e2-1d8dd4583787,8b8666eb-b080-4d76-9113-e4891a1e02f8,standardArticleAssetRelationship
0fa0d910-a244-402c-b25e-8d753b367b07,177bbf56-5aee-41ad-ab59-2b0bbe449c78,standardArticleAssetRelationship
e4e67908-b271-4340-be46-5ee33afc741b,ab42c82b-b982-4529-81f7-34017c6ff386,standardArticleAssetRelationship
4ca9f101-11c8-402e-84e5-e14c43021907,fcb07c67-e6b3-43cb-9109-b31f831cf009,standardArticleAssetRelationship
81878307-20fe-4753-8ae6-bcaf8eca7155,e1ed213e-f8bb-49ab-b6e4-a9275a330179,standardArticleAssetRelationship
5cdd4047-7faf-41e3-bc8f-7e7c23679ddd,519dce45-8f45-4796-af1f-0161879dea61,standardArticleAssetRelationship
ae15633b-3fe1-46ed-9616-63c9e33b0fab,4886ea5e-9fd6-41eb-a4bd-5f0539a38cea,standardArticleAssetRelationship
13e1ac28-8f1a-4c5e-8e9c-40dde33e2ded,ae722df6-1227-4970-a3b7-33f5e01b5c14,standardArticleAssetRelationship
492186a8-9ee6-4f33-b3e7-2a25233a0c18,23bbfa07-9630-435e-8848-17e9cd89d404,standardArticleAssetRelationship
48516a8a-bcb0-49b3-a3b3-306c259774e2,07192dcc-5500-4ce3-9bb9-762ba9eff6da,standardArticleAssetRelationship
3f4d6014-eb2b-4a40-b1e1-23b1d09b0e12,9550e4c1-40be-4bac-8ee5-567e1457d97c,standardArticleAssetRelationship
4555395b-2af6-4b7f-958b-0e6f56bf0eba,509ba04a-589d-4665-827d-90fdb548cb87,standardArticleAssetRelationship
090f0d36-6662-424c-bae9-c89445c2f4b5,4fb7c3e2-0aef-4709-967c-637849ef6bd3,standardArticleAssetRelationship
c659c0ed-7fc8-4985-a0fe-597f6715d50e,8c20a2f3-cd8b-457b-bc52-a375f8a458ae,standardArticleAssetRelationship
719454bb-b7fa-40c0-bfef-59361ac72700,5dbea37e-8da1-4f11-8490-ec856528a9ba,standardArticleAssetRelationship
a30b28c3-7ac2-4f6f-9efa-482adf9e8aef,684152fc-0dff-4a39-bf3e-be65eef6bd06,standardArticleAssetRelationship
eb05fd0f-9c9b-46d3-aee6-526fc0600ddf,226e1678-92d6-47fe-b4d9-3cd9f8ad978f,standardArticleAssetRelationship
314536ba-2795-4814-9da6-2817bc3340fc,f7806f94-ecb5-4765-a514-0c13a7b2441f,standardArticleAssetRelationship
74f6d57a-9ff7-44e0-bede-9cd6847584c1,5f328da8-8f54-4d5e-ae47-9f12e99331d6,standardArticleAssetRelationship
1983ec0c-4cc9-4df2-bc3c-de5fd27c6247,c0e9121f-9d6a-413f-8d84-fcaec589c9bb,standardArticleAssetRelationship
711b9649-3b68-4a65-b1a9-cf1616dafc4f,75746381-c37a-4990-9ed7-9a04c1f29c1c,standardArticleAssetRelationship
0dd7737e-635f-4487-8f56-2eda17d57608,1459a302-3710-44fd-a0c0-af6a9f4a4ac7,standardArticleAssetRelationship
01f6ef13-82d8-40dc-a918-e8ac23a8c9d6,40760658-d90f-4881-a3d4-ecfaf51049c4,standardArticleAssetRelationship
53210ee0-e407-4b49-a3e2-d4f882cfedb8,29a3ecbc-f452-42de-8e32-1f855b3cdb8e,standardArticleAssetRelationship
77d4883f-9097-426f-aac8-4cbeb73fe436,68c9b2f2-cc62-4a09-81f7-b2d4cbb7664a,standardArticleAssetRelationship
d104838b-2f8a-43a1-9d6e-09b8a7e18310,2bdfe859-b761-453d-9520-54ea5b0d4f54,standardArticleAssetRelationship
9de133a0-5238-4ccc-87bf-d1415dd161f4,3fe82511-7894-4570-975f-1f417334dc1c,standardArticleAssetRelationship
f3c7bbd7-50e4-4734-ad67-5566e4035f70,d9610464-bb08-444e-b0d5-36c178ccd066,standardArticleAssetRelationship
8ea601fd-0aac-40ac-9af1-92eb675a1127,aa20aba6-4ec2-4213-9e60-21d3f32ee7eb,standardArticleAssetRelationship
3a4e9297-7560-4095-ab14-fa2809250cce,3ef48ac1-41b6-425a-a140-187189ef06b7,standardArticleAssetRelationship
96a10af0-9534-44b9-b38b-3b78ca5ba28c,bccad673-2fbb-4db8-ab82-345194fd2da7,standardArticleAssetRelationship
04633ba6-a12c-4bec-ab18-fe333b8dd9b2,be52b5b1-8d6a-4bb1-817c-28f4f2afd161,standardArticleAssetRelationship
7059bd3b-3cf5-4874-a667-bc3bd487a081,64adf25e-03b6-4a9a-a5cb-ce05c07d095f,standardArticleAssetRelationship
71b12558-befa-4fac-8e6a-a0623ae45af3,6768585f-fac2-4374-83a9-bc59c2e21e5b,standardArticleAssetRelationship
2dc0b166-8230-43f2-bce5-e3ecc8a749ed,d6cd6961-9925-4bb8-ab16-6d9639710462,standardArticleAssetRelationship
04637cbf-f331-49da-8445-d0d79be7da7a,5ef74c69-f347-4168-93eb-6184c889ad9e,standardArticleAssetRelationship
cdcd79fc-a85a-4052-96f4-e557565cb1d2,5a80b971-b5d4-4978-91bf-624581a38b9c,standardArticleAssetRelationship
82c1eb71-ad3f-4fd7-9d5b-8aec049b2803,56f07f8e-0d89-4780-a7f1-3c02d81e5394,standardArticleAssetRelationship
4b6f39d0-6526-4655-915f-836701a07248,cf0b70b6-9839-4c14-8373-ff513551ea6f,standardArticleAssetRelationship
3180c125-d412-427e-8b61-accc2d550ffd,4d859bca-a47e-4ba2-b38c-8bfca42f670c,standardArticleAssetRelationship
f4ea88d1-2703-4007-9a01-e25d9e7b537b,b9ae688d-4450-4f5a-860a-921f867b80f6,standardArticleAssetRelationship
c8df05b0-4e8e-404a-b660-3e9b8233f765,673f7f81-f120-456e-a97c-e10f3d14a54d,standardArticleAssetRelationship
5a5c9e88-ebad-44a3-b694-adf0b83f6602,9f46fbdd-e2ee-4daf-9706-1636f86000a1,standardArticleAssetRelationship
782bfe5f-ff55-48de-94c3-c2ae3f86a9d1,a6bd5c61-05bb-418c-913e-2a92630e3053,standardArticleAssetRelationship
e03ea027-af55-4919-bdc0-1bfd18c6b02c,94bcc503-c2f4-43d4-a56a-78d26a0d69ab,standardArticleAssetRelationship
5559cd16-997c-4c9d-a162-bac34b6fec8f,8ddf8518-63a3-45b0-ac9d-22c4d5422add,standardArticleAssetRelationship
0e17a041-f493-4f92-9057-bce6f5e05e9a,3b8882a2-7e24-4ac2-9d74-69915577170a,standardArticleAssetRelationship
13d5fc67-2cc2-4658-8ad2-5706c38d5f54,ddc54836-7be4-40e6-a6d8-382109bd4ca4,standardArticleAssetRelationship
1d2835d2-8c7e-4767-9729-80a8b69ddfb5,7fa8b085-d369-4c58-ac66-c56a8fd041fd,standardArticleAssetRelationship
f0f802d3-7385-48e3-b3a7-1dc870db50f6,1fc60226-2dc0-47b9-88b6-4d48e857131f,standardArticleAssetRelationship
cf3ba1f4-9699-4507-aeb2-a7c54d5843ed,734dce66-e9ad-42ee-9f04-e5153e340ae6,standardArticleAssetRelationship
79fa86c1-b0da-4ec0-b392-fddd5d4a1a86,7b0a5ad6-fde5-4d50-80fa-67acfddae26a,standardArticleAssetRelationship
b83cf2b8-7101-4c57-a066-6377b3613ea3,55e57747-5021-466f-9fc9-73176b3a2840,standardArticleAssetRelationship
489df9ef-0159-4e12-8631-f36502dd8e25,322084d3-34aa-45b0-98bf-8f1d10cb20e4,standardArticleAssetRelationship
a51222fa-1c9b-42c3-ac8b-8d6474307a4a,3a08af31-d855-48da-905b-a97b2ce02b41,standardArticleAssetRelationship
470883b6-1d01-4736-9259-34a59280b82d,9ac12cf3-5001-4efc-b9b2-764d032b3821,standardArticleAssetRelationship
165c14a3-eaef-4c15-bbc7-0cfc0ac1b36c,3aa06a09-2c6b-4618-a85b-b93ca9a5b25e,standardArticleAssetRelationship
f69847bf-3d2e-49c5-8ddc-5028cea769eb,898fc173-9a0b-416e-8b1d-09e7e6f0d11e,standardArticleAssetRelationship
d828d37d-2c77-4f79-87d9-5f3159319677,8c0bd776-47ad-407c-a3f1-8448cfc4c9d5,standardArticleAssetRelationship
94a10872-2132-40ba-9347-cb2b41ca97eb,3e42db35-be5c-4512-96f6-ce8b8587eb92,standardArticleAssetRelationship
ac3fed1d-f76b-43f7-878a-987a2dac7543,ccc79a49-bed2-4ebc-a4e6-e7a570472a91,standardArticleAssetRelationship
3a1bc3ba-d094-46c1-8509-3a30435ac56e,329c5d9c-97c2-4f44-9554-f1dd1434142b,standardArticleAssetRelationship
af8ab465-b3fa-41c0-8409-76158bfd8070,168cf753-2d51-46ef-82ce-f05455d9db70,standardArticleAssetRelationship
c93766b1-53bd-4d48-a997-f078419c49cc,ce6d3e43-1092-458d-b8c5-91ed5cf35393,standardArticleAssetRelationship
476653ab-e755-45ef-a6b6-0ecbd7d08442,76344061-b057-4440-b7a2-edbc1d230d1d,standardArticleAssetRelationship
98415c0b-224c-47b4-8aea-8c6e064f0097,2699128e-9802-4c1f-b06f-8eaed249aaa6,standardArticleAssetRelationship
734468f1-81e6-4dfa-8689-bf0950ee16f0,83046bed-53cf-4f95-9304-3c9ea783cc3f,standardArticleAssetRelationship
4673c499-32fb-4555-8cf3-603441885b88,e64b0db2-aa11-4811-a583-d999d16caa5c,standardArticleAssetRelationship
345882bd-0723-4af1-92e9-b9bd79e677e7,e17b841b-070e-4665-92d7-708fb6ccab73,standardArticleAssetRelationship
468a2075-1d50-428f-8644-d5f3d9218cd7,1221abee-f98c-46c6-babd-f3110bb93e09,standardArticleAssetRelationship
a4272d33-5cfb-4e40-8d6c-900d0bd73217,e1d0ab6c-b229-4638-bc3a-7aaab2bec083,standardArticleAssetRelationship
9fc50a0f-9e99-46ef-86e4-67409c33a596,cb8f3af5-2089-4406-a862-66f754d410b2,standardArticleAssetRelationship
8c17ce37-3b47-41ff-b845-ffae60d52abe,59dc2381-a580-4ce2-bbd5-176a177e99aa,standardArticleAssetRelationship
1d33567c-81ec-4124-92e0-b2babb972ec4,2db7888c-5b25-4a1d-b887-2d60e9467970,standardArticleAssetRelationship
5bc268fb-6fd5-49d7-be49-5e4f3750c7d5,87473e71-f80b-4c72-8053-63a361440bc3,standardArticleAssetRelationship
c1014141-4652-4691-bf25-aadf6d3794f0,e8dccbe7-c241-4fff-8979-2edf08ea2dd1,standardArticleAssetRelationship
ad180955-13b7-4528-8b66-2995344534cc,0c0cea75-fe4d-4582-89bb-dc5517a73e17,standardArticleAssetRelationship
0e45e090-c9ef-4f2b-9e0a-fccccda290f8,a463cf27-8992-4c69-afe1-d667b69f6ca2,standardArticleAssetRelationship
3691564d-5005-4231-bdaf-273a8b0a5836,778deec5-247a-4fbf-9f7b-b07bdd260294,standardArticleAssetRelationship
f8359ccb-25d4-411c-ba2d-6428e495eca2,bbde52ee-cf9a-473e-9517-12edbd321030,standardArticleAssetRelationship
809f53e8-a046-4a87-973b-da7b143edccf,11579ac2-c712-4a4b-8b78-dd3bf4335097,standardArticleAssetRelationship
80ba3c36-1ae2-4807-8bb0-a11261b586e4,dcd1a4b2-e57f-4fce-86bd-21a119a3a248,standardArticleAssetRelationship
c07fa3d6-74d8-448b-bbba-c6f43a2d5b5f,35cc537a-ef2c-4f18-b549-6c13d5bfb209,standardArticleAssetRelationship
d46e01d1-5900-4ebe-a8f7-0b89c95eb789,41e0df5c-0095-4225-8cf1-06ec0f8d0144,standardArticleAssetRelationship
6feadd86-60a3-450a-bcbe-e93d5e4bb781,70ab8436-b709-48a7-9f21-056962b1c64c,standardArticleAssetRelationship
fd0d2f15-af7c-47d7-8f41-219bfd842789,6ee2b6dd-a442-42c2-9356-cd783db2ecfd,standardArticleAssetRelationship
4d1787f1-2639-45ab-a1f6-f5c78bce1d27,85267cf6-cfe6-4c76-b6ba-fd0525a8d575,standardArticleAssetRelationship
b30580db-0d89-489d-b1d0-bb0f43b37def,69bac453-e235-4d15-90e2-e22b278a5e48,standardArticleAssetRelationship
358bc6bb-22c4-4ee5-aab1-c9a8b099d272,59a1be7b-9b3c-43e8-bc5a-12d22d9d3e03,standardArticleAssetRelationship
6aac1f24-7119-4cb3-92c9-a89728ac25f1,c90fbe31-f013-4f65-9aaf-6ec46e5e421e,standardArticleAssetRelationship
f9fac3c3-fa20-4848-a183-9d652bb20edd,319c1e84-1c6a-4475-9763-5b44ddee6276,standardArticleAssetRelationship
38d64fbc-db6b-4ef5-b044-85cab7fb7151,27b3a464-b8bf-4054-b969-9f7990102046,standardArticleAssetRelationship
f686d33e-34de-4c2a-8a99-cdf25e602072,6e5acc6c-c627-463f-a2b3-f1a9809e189c,standardArticleAssetRelationship
1876c41c-9871-4131-92ab-6186310d1bdd,6a289978-97b1-4c91-aa4e-c79bdae8dd39,standardArticleAssetRelationship
39d51013-b282-4a9f-8066-b0fdb93a3bb6,d8d51145-fe47-453e-b8ec-da91c43648d7,standardArticleAssetRelationship
43a1ea67-debf-4890-9a6a-9f93ecee4ed6,5233b0c1-8549-4a61-9d3b-a22c7a13f8ee,standardArticleAssetRelationship
e5c43f48-ca06-44ca-bd00-7d5b103fa4ba,3da494e0-1b4b-4f06-939c-277d0e187ba9,standardArticleAssetRelationship
dff383c7-bc37-42f0-b832-444db807d68f,f1fc304d-6b5b-4db1-b280-fa9752f08043,standardArticleAssetRelationship
fe65192c-3cdd-4758-a848-6660c2c96129,c93e84d3-a104-4a4f-b070-0317ec6a9fe0,standardArticleAssetRelationship
8f56d47f-5e67-4c57-8418-00f84d2d409c,267ce5f3-7638-4c21-afc8-a932e553524c,standardArticleAssetRelationship
1ad54465-b41f-46b7-845a-775cd0fadae3,f065de3b-b779-4109-9eb0-8d01ccec75b8,standardArticleAssetRelationship
a588962b-24b8-487a-af5b-84d57ba3001d,789f81c4-c2de-494d-929f-01157d4877d3,standardArticleAssetRelationship
e764832a-0375-43a1-988e-57801530670a,6b476b68-a9ad-4d55-bc47-23d1c399ef02,standardArticleAssetRelationship
52b50567-e34c-4976-b2e3-eeb6da2583b9,b6e10da6-1c2d-42df-b66a-457200911451,standardArticleAssetRelationship
56949105-47f3-402c-ab6b-9eca810aa6e1,18c59bd2-cd0b-4623-adef-6699900e3e43,standardArticleAssetRelationship
0e557fb7-8ae5-4cf1-9a92-d3d286ac0444,133b05fa-51c8-45bd-a5e3-fd5d7efce3d2,standardArticleAssetRelationship
bf1a4abe-53fb-4aec-8ed4-43dd45266681,d7fed7fa-5dc1-4a6d-83d9-397cc9ffccdf,standardArticleAssetRelationship
f55bf196-9242-4b11-8e64-8c58a90625d7,db3ab8d2-f110-414b-89d9-398db61a2047,standardArticleAssetRelationship
b5e1d906-2618-48c9-9314-404cae5df53b,070d70cc-3f07-4da1-bb8a-3930e57ffee3,standardArticleAssetRelationship
93683f2d-d221-4936-ac23-54aade3c68f9,eb942d27-2fd4-48a8-8f69-df0b56794b4a,standardArticleAssetRelationship
adf6427d-e5ae-4053-90eb-54ad4295dccf,5790214a-a004-49b7-bac2-0d18cb5f5431,standardArticleAssetRelationship
270534a6-edcc-425c-beb0-2875ce2b55a6,bf54c1ce-e2c3-4199-880e-89e36b982c1c,standardArticleAssetRelationship
96937617-db23-4a03-90b0-30e60d5acc50,a93833fd-0939-42d0-935a-a61cd8140f5a,standardArticleAssetRelationship
1aa2337f-49a2-433c-b5f8-4763aa1c4ebb,57d5dbc2-f586-4ea9-a63d-6d09d4b48b2c,standardArticleAssetRelationship
92c32683-9615-42c3-b59e-9ba5d335dfa5,730f4740-648f-4786-a54d-c219d47d1edd,standardArticleAssetRelationship
5f0ec482-8384-4aeb-a3db-46bf9c8fa567,d492a163-9921-41c4-8b32-6c9baa58ce31,standardArticleAssetRelationship
090e23e3-432b-4c2f-b7de-275ddaa79de0,edd0aaf3-5ff1-45a3-aa5a-b1dc061c611a,standardArticleAssetRelationship
91eb2582-c33d-4967-8fb1-b560d70da4a3,e5013b30-7232-49c9-a2ed-b537fd8b2be9,standardArticleAssetRelationship
7607ee9b-a8d7-49de-b69f-adee45575149,342fb852-ee94-4cce-a2e6-c64ae9dcabfe,standardArticleAssetRelationship
15feb1e5-02e9-48c3-93ec-2c32656c8d3a,5f802ec9-da09-481d-ac3f-2b95ba15f72c,standardArticleAssetRelationship
a4996a30-8536-40c2-86d9-f6bbdb137577,a622b9d0-b698-4c49-8936-c847db2173ad,standardArticleAssetRelationship
b7c9ed3b-646d-4048-addc-9e90a6728d38,05b37cd6-60c3-4d67-bc57-0b68a5c09575,standardArticleAssetRelationship
a79c339e-0a22-4447-bf44-ee8a0c3eeea3,754f794b-12c6-42a7-8992-505066ac9a90,standardArticleAssetRelationship
768cabe9-9993-4881-bf43-33c0b0d02945,a1024809-6b87-47a1-b4de-321f8578a8b2,standardArticleAssetRelationship
e886fb75-e721-4caf-b38d-0e4dd9753749,aa92ab66-bd63-4b5d-b997-1a00ee31fdf7,standardArticleAssetRelationship
9d7cd27d-bf15-41ec-84c6-01182428fd0d,895aad6d-8808-4255-9a90-0f7d7bb2d1ce,standardArticleAssetRelationship
ad638ef2-d265-48a2-aef8-6625d30c1376,ba1c0bb7-2c15-4fb6-96d3-3861a0cbcf4e,standardArticleAssetRelationship
45e17ba0-8c1f-4469-8b04-a8aa7689f526,376a363e-3931-414d-8143-9bdd67b282ea,standardArticleAssetRelationship
af6cb3e4-56e8-4ba1-94d7-831dc68a07a8,3eefeaac-b3b9-4950-9eae-d0db76e5c293,standardArticleAssetRelationship
0f8d387a-55a2-4d12-b99f-a58bd9e67d98,5119d6f0-fcb5-42b0-9dc1-d15385d7c5db,standardArticleAssetRelationship
53285760-05eb-4ebf-8829-6fcb75ed7b02,10af6510-3917-4f40-a06e-c69e3b67dc8c,standardArticleAssetRelationship
8b95ab0b-86df-4858-8806-201def272fec,e55d6fb0-0843-4ae1-97da-df368b93a222,standardArticleAssetRelationship
9c0bc6f3-fa00-419b-bc4f-f1890218e594,c324aec8-4a21-4e78-9eea-d1e23470fd89,standardArticleAssetRelationship
989e9ef0-96f5-471a-828c-abd9ef69a5f5,812b0812-fc73-4529-8749-2058cbb9cc71,standardArticleAssetRelationship
e656b7d7-96be-47ad-a5c7-f7131a3c9b64,6c5ddfd9-8ee9-43af-afb5-0c1bbc743670,standardArticleAssetRelationship
0e4e5c34-2041-454f-8cfe-55a3e25fc8c4,839aa0b0-de75-4005-a20e-f32d5e6925a6,standardArticleAssetRelationship
b8d0c082-da7a-4303-9d2b-d365d5ae0673,ae3e0657-bb82-4026-920d-4aefd6380dae,standardArticleAssetRelationship
92c01cae-2abe-4a77-baed-b37152a21107,0adb8051-1a2a-485d-8eb0-3c7d2313629d,standardArticleAssetRelationship
42bf5153-d2cd-4b37-b107-224d44314ca5,68e4411c-4455-44ea-a934-08bb2cb305bc,standardArticleAssetRelationship
82f6c621-275b-4826-8611-db6aed7f0a76,291c0c75-8b05-4751-a987-c4e3cf6ad94b,standardArticleAssetRelationship
555f1a95-1c0f-4e57-8c81-b49f5c78d7c7,26e03d76-5b7d-43c2-ac19-25dd76693318,standardArticleAssetRelationship
0adefc2b-67ee-463c-b4e5-56d3fcf75b5a,752f3237-214c-472c-8239-a2243dd4ac8d,standardArticleAssetRelationship
45d3f743-fcb2-4019-a946-c2b46975c317,0ee98bcb-87d9-4134-8053-7439c1dfd003,standardArticleAssetRelationship
e94d6dfb-206b-437c-a47d-c900e83a9e09,a3b24280-dead-48a3-b2b9-0c1331371a74,standardArticleAssetRelationship
1e344848-95c0-4a25-8e05-9459c061d517,99e8b89a-edbe-4c5c-bbf1-0b34b2379386,standardArticleAssetRelationship
ee42f9b3-b938-4917-b393-7282e8fa3bce,c1222fec-d2ad-471b-8771-5745fa8982a3,standardArticleAssetRelationship
59d73550-156a-4a7a-bcbe-442fc62e3715,de4ee541-ba60-4045-911c-6908b2b3bf42,standardArticleAssetRelationship
a2e9ed97-6a48-4511-8b78-260db7796046,d73e821e-4a53-4d37-9bb8-f6fefc9fde26,standardArticleAssetRelationship
6c2a5096-40ed-4ecf-b5e8-037ce3c16b9b,5b626202-313b-44e1-a8b7-54c21efa5f04,standardArticleAssetRelationship
a38bde46-0b00-41ae-af96-bcf73c21ed9a,f1f3606d-66db-44ef-860f-68c3d61d2402,standardArticleAssetRelationship
799f0dd7-6a4e-4601-bf3f-506e6c1ced78,3281150e-00d6-41a2-9fe1-e8f0dcc97554,standardArticleAssetRelationship
e9effa3e-4566-4442-a360-dd86eb0fe3b1,9988ac85-993f-4a43-bf0a-50fe005cce29,standardArticleAssetRelationship
cebd2021-47de-4e2a-809a-b5753059021c,c7e18e04-1898-4991-b8a7-a80a38a1b082,standardArticleAssetRelationship
b9a446e0-f696-4e25-9025-4c2eeca8a69f,3818c4e2-be49-4313-b15b-6e88d9c61355,standardArticleAssetRelationship
39a2ea04-201b-47b4-a411-10a31b648ff6,380eaee6-10a6-4c95-bdb8-ecb9ef9ae1b7,standardArticleAssetRelationship
0106280d-780d-4e88-ac91-e92caddd97a0,9a80e574-2727-4982-b276-92e0889e9620,standardArticleAssetRelationship
599915b9-5c4a-4e2c-9db5-97a95d65e887,2528a814-01e3-4dbe-9ddd-3e5bd2646ad1,standardArticleAssetRelationship
1c3ac300-a364-4e56-8ed7-a5f5cf218680,62a83b37-d506-42c2-923f-0e261c4b883c,standardArticleAssetRelationship
9f22b3a7-bdf7-4ab6-aa75-218edb05a101,ddd6f6ed-c0c4-43ff-8f53-30139eb3aed1,standardArticleAssetRelationship
a20e9413-7134-4366-bbd6-d282b1bb5a89,11906692-b294-4b80-af07-e144a29e8a8f,standardArticleAssetRelationship
c43ae0cd-35dc-4635-a6a6-5b203b12af9b,986af2d1-2111-4290-b089-f7894ea4d7b9,standardArticleAssetRelationship
89e0570e-50ee-45d5-a28c-10ebf27b6d9f,99b4d793-8f4d-4994-b235-ef09bfbc95b3,standardArticleAssetRelationship
4b5d0073-8f7e-497d-9098-3ab3031e076f,b52a9f28-7b0e-4efc-9adf-c0ec0d352079,standardArticleAssetRelationship
4e400f95-267d-4e2f-957b-533e40a711e1,776d5cc2-bfd7-4afe-a170-0a5f5ee9cc6d,standardArticleAssetRelationship
efff8f67-0b21-4169-8d38-58e9d44072c4,33c28ec4-8c84-4845-8f74-dea8558e6f9f,standardArticleAssetRelationship
6af9e97f-2aff-4c95-9a9e-dfba55f1c587,10c1b138-25c6-4edd-a16c-a8ee3c92860c,standardArticleAssetRelationship
57fb3650-56c6-4f27-a988-004f2d32939e,25049f17-759e-41b7-ae99-633a81e368cd,standardArticleAssetRelationship
e8a5bb56-fcb7-4e77-8157-7ae198c5e5d8,c10b0fdb-65ef-42a2-9b44-1501bd6fb95e,standardArticleAssetRelationship
76f94549-3b92-4806-a2dd-fc940247a39a,75623bff-1fbd-439c-b8fc-2e958ba7a26d,standardArticleAssetRelationship
ff39e595-5a6b-443f-af98-bc476bfa27c5,b094a133-6b08-4bfe-b398-3c4ca4634e47,standardArticleAssetRelationship
051dc30f-fcce-435e-9e9e-71046b7f45d2,0d4b4662-e4b6-4acb-b423-8543e07f9a75,standardArticleAssetRelationship
9964054a-e6b7-475c-b0f5-30df391a3fd4,9ff41475-c16b-48ef-9534-81a6e066875b,standardArticleAssetRelationship
f6d13add-a121-4b27-9150-843523d667a0,2e7c103c-f5f5-41fb-81b0-ac41fbbde754,standardArticleAssetRelationship
a95c7724-654a-4b2d-bc3a-61a69165d755,d8190ce4-2fa2-481c-ab68-524780c439ad,standardArticleAssetRelationship
eb58b2d5-3569-4c39-8f25-bb716abbfbe7,33ae6165-b5d2-40b1-a7fd-f0945e1b92c3,standardArticleAssetRelationship
ca32564c-d09b-4651-adc8-8c0d3c5b676f,b5477dcf-a3a2-4fbf-aa3d-66462b2ed47f,standardArticleAssetRelationship
3b091cad-b4e1-4c30-999b-fa0108f328e5,dbfad2ae-c65e-4f0f-8ed2-70fd8acb6ca6,standardArticleAssetRelationship
042615f5-d535-4588-a957-92dfa5da99d9,b6e0d153-13d3-4deb-ab58-a786a72edb96,standardArticleAssetRelationship
2883c204-b299-4550-87b2-3bc423e85f5a,f3395edf-a949-41e4-9db4-13d107198478,standardArticleAssetRelationship
ce9c4a7b-54a3-42ce-ab44-d57494b8f27a,1b593ce5-3ac2-4a2f-a2ec-6ab64609de51,standardArticleAssetRelationship
6be70052-c9fe-414e-9b09-c98516c6b7df,1fa550ca-94ab-4306-bc02-98a4be9bc38b,standardArticleAssetRelationship
e0837434-6ba5-4a55-859b-33a44edb9a26,e3c4073f-0202-4c91-951d-999dd84a8d9e,standardArticleAssetRelationship
9ccd4885-3b5a-4485-9d9f-0b94f3d0c311,4528b4dc-4c23-4b4c-a657-3563efe4507c,standardArticleAssetRelationship
c98bbb9b-9da6-43f8-8a5d-f5a70e8e2131,9e22d17e-0c02-442b-ada1-c03399753d91,standardArticleAssetRelationship
a39ac263-6b67-43ef-8e3f-06efcbf94d10,395f9d9c-6f78-4867-b822-6679831cd3fb,standardArticleAssetRelationship
3c12f649-c173-4e4b-bc7c-f9bee3c4eb63,99b9b734-ff36-44f3-b384-eebfc7823cb0,standardArticleAssetRelationship
d4e9e6de-77a4-4a57-8a79-879d97765597,bb047578-e019-421e-83e3-548c949adfdc,standardArticleAssetRelationship
e724815c-eff7-4818-9db7-0f8e56667282,2875965d-8794-4825-a723-661a3e0c45a5,standardArticleAssetRelationship
d49a8ccc-d41f-4d35-a0ec-952a55b5fadb,dfe50396-b48f-4fef-a329-e7d63353020d,standardArticleAssetRelationship
37572e51-2636-4321-9ca5-a514710d6d49,ae4c926a-6a87-41cd-946c-2eb72b99cfaa,standardArticleAssetRelationship
d461f95b-0963-4d1d-a372-adf9641b3ba0,ade4219b-ef8d-4ecc-a696-baec8362b382,standardArticleAssetRelationship
fb21f774-cd3c-4ff0-af36-6ee0e42dca32,38719828-cf3b-43c0-ba22-4da3a08fecf6,standardArticleAssetRelationship
7d1bbf5b-0840-44d9-a4a6-f8d54ad13818,41e8bdd6-6e43-4715-88da-36a5c36a9b20,standardArticleAssetRelationship
4d6a57a9-fe4a-40be-89d8-feb35d5510e9,30588f26-bcbb-46bb-a65f-aa2f3bad7fdc,standardArticleAssetRelationship
5533ef38-5fdd-4c50-aef2-7a1ef1862d9e,67da39d0-660b-4b0a-a077-c96b3c034e09,standardArticleAssetRelationship
4ea3adb0-dbdd-4540-8d13-dbda595f3253,813417d5-7693-4b45-a958-b3f82ee0ac09,standardArticleAssetRelationship
c7482c80-268d-40ec-9c13-a4b675b2c691,85a19235-cc37-4a8e-94e7-33957dabca19,standardArticleAssetRelationship
3bc54739-2caf-4a12-ab8a-86b0f360c6f3,f785fafc-f4e9-4e76-85fc-7a181e168f4a,standardArticleAssetRelationship
e1bfafe7-a4ec-40a2-b5aa-2ad167577b78,5676455d-8b24-43b7-89d7-109bc94562a4,standardArticleAssetRelationship
f3f3b716-b212-4709-9b6c-13d2723f3336,ce7dde9b-32cd-4667-9f7a-1aca05428245,standardArticleAssetRelationship
b36c0019-e6b7-49f7-b939-a32c55f4e200,8a4c4d05-dcbc-47b8-bb63-ef415e704d54,standardArticleAssetRelationship
c4f92305-28bf-40b4-99f9-c33e939dfb2f,6e9036f0-9863-4108-81e7-36965c5c00e6,standardArticleAssetRelationship
80b92bb7-60c6-4efd-9859-0f5a7eaaa606,c1dd4f48-225f-4744-bb71-38fb1a2aa314,standardArticleAssetRelationship
58c433ba-3957-472a-b5f0-f5a3ee91bbc5,bf526871-82b2-42f5-ac90-c9f720a16e9c,standardArticleAssetRelationship
30156a0b-613b-4eb8-bf4d-45201c7dee61,eec60592-302f-4976-9008-5f2b067699b6,standardArticleAssetRelationship
7e2ed21f-0bb3-4f06-a3ac-018d7f000896,5576e1db-cd13-41ac-a4f7-fc2633f7c5b7,standardArticleAssetRelationship
ce7d0614-dedc-49d8-b305-59e70ac2838b,892ec1f9-d97f-45d4-8cde-0652a51ac10f,standardArticleAssetRelationship
2def5c2c-2900-4aab-9e73-1a60e01acbf7,28a8209a-b3d9-4fbc-a059-26c7fb7e19ae,standardArticleAssetRelationship
b929b80d-0028-427f-8d8c-041d50a523bf,3341d376-3bb5-4401-bc47-dacf9a93f6c7,standardArticleAssetRelationship
cc481708-91a5-4acd-a5fc-1546774be603,fadea105-ee51-4a39-93f0-fc0001df3530,standardArticleAssetRelationship
dd492267-8f6d-45eb-a258-c4f771d2a66f,a133f650-5f85-49b6-a252-8a1e4637cecd,standardArticleAssetRelationship
db6e1a4e-792d-4770-97cb-c997b3d271ff,691ea928-c4ac-441b-8cc9-59f53348647e,standardArticleAssetRelationship
9ba4c940-66a7-452f-bb0d-520ce3a9c2db,9b2abe2a-835a-4fd1-b383-56e1f74c59cb,standardArticleAssetRelationship
b2909c24-1ad9-4367-9a6d-507c04669f80,730d3c09-3c1b-4752-9005-5b08e62cf7e7,standardArticleAssetRelationship
af406736-2c9e-4747-a38f-ce87d4d0703b,95bc49eb-4335-4450-85a3-fde13cfffbad,standardArticleAssetRelationship
6cb0ce08-1403-4e4b-a96f-c9151662a34d,b726a239-7d01-477c-9e2b-ad26266e737b,standardArticleAssetRelationship
e12d7182-db29-493e-b8f9-3651a63311e6,14a5d660-483e-41db-9add-50f366fbaf51,standardArticleAssetRelationship
1155841f-8bff-495a-beae-d49234a54c6a,1790ac60-4712-4e2a-91e4-3e9acae7b31d,standardArticleAssetRelationship
e319d005-e3e8-4f30-8239-ea4c4e074300,fee420df-617c-49a9-9830-dc5b7099b567,standardArticleAssetRelationship
e7b1b52c-37f4-46ed-aae8-8a0988c092c8,11afdaac-6fdb-4374-8296-6bf38945931b,standardArticleAssetRelationship
08277bba-3b25-405b-9a1d-b2139816237c,125888db-cf28-461a-8d12-f638b6e27ef8,standardArticleAssetRelationship
7b4ad776-7171-4c4b-bdea-872d928add01,f5b7f0bc-1a11-4ae5-baf2-5841851c79a8,standardArticleAssetRelationship
58984c2d-2040-4ae5-a83b-927c7d5075b2,0a9e9026-f274-4250-b9a1-ebe29d6a64d5,standardArticleAssetRelationship
19356500-3703-4402-b25a-1eb3369917c7,2f44a4be-a45f-451f-8b61-92108481b703,standardArticleAssetRelationship
bab07f2a-fceb-40fb-ab8b-8f9099c2680d,5e720f6c-d4f3-42ce-b591-fa690f6af52e,standardArticleAssetRelationship
591e9d56-7733-4280-b894-a8dd8b373de9,ea34cedf-4676-4a83-87d8-51a595277fed,standardArticleAssetRelationship
5ba21544-1041-477b-a593-acc7199a1a8f,e7103a0a-aa7a-446f-9fcf-48fe691482cf,standardArticleAssetRelationship
1d8663b0-3477-4528-92f5-3973ca04c30f,619b15d7-413a-4b7b-95e6-68c6e7689682,standardArticleAssetRelationship
355e6868-f477-4c0d-b51d-e7e7212121b7,e661e7d8-d537-4a37-8a55-f3ab06cea8c0,standardArticleAssetRelationship
875ddbf7-d101-4924-a178-1d29b192881d,6db443d2-c1e1-4328-8196-cab2a1e51fe6,standardArticleAssetRelationship
c9336255-93b0-4937-a044-e6d248c08c69,560ce1fb-8c24-4cb6-90e9-032e04b0f2bb,standardArticleAssetRelationship
bacd95a2-31de-445f-8aec-c09cfe3ad440,f393bdee-95d2-4425-b1d7-95ab1c35a5ee,standardArticleAssetRelationship
2be06963-c84e-4c19-92a6-4c653521203a,295cf24f-94df-4da2-b2a7-0fe34e43d49a,standardArticleAssetRelationship
76e7c0e7-7c80-4184-9baf-6a6c9957acd4,4ec81ee6-87d6-4991-a427-29b1be68142d,standardArticleAssetRelationship
80d66940-dcce-4dd5-a348-5cfd80b29637,4cd04b1e-a88a-4e29-9b8b-ba41520ac62e,standardArticleAssetRelationship
2621a124-2643-442c-83ed-44ed3a9fc338,a8e972e2-9f06-4443-aa41-c3033f515efd,standardArticleAssetRelationship
e9932bd6-40bf-43fd-a8bc-39e1d19b5e17,e2fb53cb-0fd7-4131-9ca1-cf27a9c996ea,standardArticleAssetRelationship
b1fb1918-854f-4684-b2d1-ce95dafc7965,59e613b2-8c97-4eb9-bbe4-b9f8d6de0a15,standardArticleAssetRelationship
93e9fb20-7630-4826-b741-009d487160cc,3a18c0e7-2e13-4f3b-b419-1686711489dc,standardArticleAssetRelationship
092ce4d2-9bf3-4d6c-86ef-af785eb10939,2251b476-4ef9-437e-9d90-e1ec155d90d3,standardArticleAssetRelationship
a16a7fda-1ffc-4f9f-8115-168fab3a2aa8,68821674-a767-49db-bd35-996b373728c6,standardArticleAssetRelationship
b5a9cc91-b27c-46ae-b668-712f880ce5b4,fcc5eed2-ab22-4ea9-92be-baa1fe2013ea,standardArticleAssetRelationship
b2c217c8-ab73-42b7-9d7a-ddd22a5beebd,ee8e3693-ba87-4b20-896b-120a5ac880db,standardArticleAssetRelationship
d5065e27-3421-497c-93e9-1fe19f411842,789040ae-a350-49ce-931a-949174d314ea,standardArticleAssetRelationship
b91f41bf-157d-4eda-a662-5c148fe28e85,40aa99f4-4d4a-414b-9099-b0f0f58acd10,standardArticleAssetRelationship
f659e655-984f-47fa-9567-243b82dd701e,a5f5f5f4-8002-443b-acf7-04f1de491380,standardArticleAssetRelationship
8830b5d6-07fc-400a-81e7-cb0d703e5ddf,a1bea289-66e0-4a29-aa48-f51d16c2df58,standardArticleAssetRelationship
ad0abf8a-a6fd-4313-8e1f-a8f1114abca6,d599c952-81e4-47d3-9742-c03b0dc53b50,standardArticleAssetRelationship
ca3fcf8d-5388-4121-9613-6d557d00c467,a0d0d77e-7efb-4dde-80b4-b969b7ae4af5,standardArticleAssetRelationship
832c8656-b07b-477c-9e8d-aa2dff2a79ce,b59c3281-3e51-44f5-ab96-8fb360505fdb,standardArticleAssetRelationship
37ea87a9-f2ab-4e72-838a-0965d700e634,f330ebfb-5133-4277-8727-b428aca61b9e,standardArticleAssetRelationship
942a5a32-607b-4077-97af-ab41e712033d,e48aebb3-00cb-49d2-9777-665451157da9,standardArticleAssetRelationship
85ed8cc5-6d50-4d3c-972f-9f6a3d3ec24e,b04eeefe-7389-4132-a114-d9e7bc5cca9a,standardArticleAssetRelationship
a034aeee-c209-4752-a186-d62fd450f4c3,0e5c26cc-37d0-4dd3-b53b-ae3bc97b5a76,standardArticleAssetRelationship
0f9c645e-77a5-45a8-ad5b-347dc91669c8,b988db8a-8bca-4694-9223-40c777295d1a,standardArticleAssetRelationship
c3ad78da-2025-461e-8cf8-abeeff1eb24c,5a10188a-7173-4c8c-a06b-e13cf890f25e,standardArticleAssetRelationship
d02d7b68-f74b-468f-add7-0bfefcf5a42e,f72d40f1-2399-4e51-b057-8b3dcb1e7a0b,standardArticleAssetRelationship
4619d4f5-bdeb-421b-9a35-a1798af0f5e5,a0ed4294-473f-4dc2-8338-7581a3b8d5da,standardArticleAssetRelationship
f7d65e39-2b9d-48d6-9359-6225393b188b,1399e2bd-55ff-4877-8c30-5435b0e2bbb3,standardArticleAssetRelationship
4b37348c-779c-445c-8474-d6f04e77f1d7,e24f243d-b417-4403-aadc-a2baa25be596,standardArticleAssetRelationship
d6d63c0a-c900-4152-bacf-74ed4bf46eab,001f79b6-a5a1-4292-af74-12a53e9d6e74,standardArticleAssetRelationship
e812bc56-406a-455f-b24e-556f16735d76,7f97e16a-6edb-49c8-95d0-dcce29f28956,standardArticleAssetRelationship
84c9797c-1c01-4796-90a8-6f7aaf1a6ef9,2e85164a-1c20-48e6-a53e-688854efc5e7,standardArticleAssetRelationship
d76c4c4d-6b39-4d39-8ff9-b67b20cedafd,8e891421-4937-4a75-9919-31788cf53658,standardArticleAssetRelationship
836a2dc4-2104-434a-8e71-fb22f4282598,da8559b7-13ea-4f02-8228-28ff3aabe3da,standardArticleAssetRelationship
ce49a9eb-feda-4e13-9a96-30fd8b10660a,a9d21ced-484b-4a1d-9ce5-684245a94ae0,standardArticleAssetRelationship
cd7a9767-f6bb-4a22-9262-d0215ff3d041,a369e33c-0ad9-4e0a-9916-9f71ab22d31f,standardArticleAssetRelationship
3ac8b5c4-8a3e-4db6-b286-18436780a19c,a633e0ab-e577-454e-8ce2-d4efa06a1d26,standardArticleAssetRelationship
554b19b1-2f1e-4eba-8b19-77bc65b59db6,e92bda6b-e642-416a-b988-c94240cf6a11,standardArticleAssetRelationship
818de6d0-f3f3-4933-a9ad-ee8d2a38353b,41f9297a-eeae-4637-a983-376360f753f3,standardArticleAssetRelationship
0620f98d-dfe4-44c4-b848-4c90801144cc,a00842b4-119e-4aca-b53c-798893595de9,standardArticleAssetRelationship
d105f53f-1997-4da4-a5db-5cacbe794cb7,d2dcfacf-5526-4bfc-a5ec-cc52946cf7bd,standardArticleAssetRelationship
b5fe62e0-8e8d-4828-9597-a350c33bae60,ced55163-1946-411b-8e04-a42312a420d7,standardArticleAssetRelationship
33abbc54-afa5-4235-a9e5-061281e736a4,204666cc-11ba-452f-9a2c-fee26163ff3f,standardArticleAssetRelationship
e17b09c8-df2a-47a1-9012-a95a27057e52,755be00d-03cf-4f81-a09f-b8fa820efa35,standardArticleAssetRelationship
07cb4cc3-07cc-42bb-afea-15dd27614471,052e1c3f-5c3c-4a0e-ae7a-25eeac20e2be,standardArticleAssetRelationship
b2ae670b-5bfa-4e3c-a3ff-f9665aee1825,c36975ea-7f64-425c-83af-bb3c0fbf4b69,standardArticleAssetRelationship
ce4be3b8-2328-41c2-bc65-cbd0af4c73cd,a1b7d07c-4c32-4c16-92aa-a407cb196b04,standardArticleAssetRelationship
edec270a-e6c0-4ab1-966b-6699d796dd21,d997213c-719b-4216-8985-41f23086b9da,standardArticleAssetRelationship
1fe3db14-f7a9-4880-9cbf-12d991e0e28e,95e184fa-3a27-4b73-b917-c5dd41cfcf8d,standardArticleAssetRelationship
1e73adb9-e183-4bb0-a437-e2f289cdfbf4,633cf0b9-f57e-4ae6-891e-1147ad901725,standardArticleAssetRelationship
bf21868d-a9ab-4cc0-afda-eac1a0c91775,7c2a79a5-e290-4721-824c-3b3f73e43b52,standardArticleAssetRelationship
52bbf65f-06fd-4af6-96fd-fe16802f09a7,303275bb-62f0-43f3-ba0d-af70df7f0bb3,standardArticleAssetRelationship
1db3586a-25a4-46ee-9ac7-881107e84409,9e92934f-4659-4b5e-93e1-4e5a3f9ec182,standardArticleAssetRelationship
07d06fc2-d028-47d9-b6aa-f9ebb4f06b7e,cb2a3fa8-1e57-4a11-8e4d-5dc4ba2e6ed7,standardArticleAssetRelationship
db9e9b7e-b266-4b1b-b963-052a645fc6bc,1bdda75f-12aa-4b17-a2b9-5a99ee8ad1ae,standardArticleAssetRelationship
8fca7612-7ad3-427e-8d02-98be1260a63f,c8771b02-dcbb-4552-be39-eb5cc66df586,standardArticleAssetRelationship
776d2afd-ac57-41a7-bb85-3815e8e5bbec,05a61301-18ed-4978-83c1-c11ddd1d63cc,standardArticleAssetRelationship
481e39db-d2dd-4932-8a7b-f75841d0983d,ee556afa-b46f-4d3f-a257-a60dd45fcf6d,standardArticleAssetRelationship
97aafd8d-2df8-47b8-80fc-a5993ae12961,c2ff98dd-be96-4a62-bcda-4e7b8d2fda9b,standardArticleAssetRelationship
daccb747-2d5d-4f11-92d0-8dffc6818509,5c227b6f-8bf7-49d7-9a9f-2b85b616dadb,standardArticleAssetRelationship
01dea02a-f40d-4dbb-b60b-7bcd689c1edb,f3fd49cc-e27f-4fbb-b2d6-6a3c6bce0914,standardArticleAssetRelationship
73b325c1-2f78-4861-a2b1-0d989b1eec22,1614ca61-bfcd-4291-8d32-e352962511e3,standardArticleAssetRelationship