attr1,attr_link_1,LoadTestLink_1
attr2,attr_link_2,LoadTestLink_2
attr3,attr_link_3,LoadTestLink_3
attr4,attr_link_4,LoadTestLink_4
attr5,attr_link_5,LoadTestLink_5
attr6,attr_link_6,LoadTestLink_6
attr7,attr_link_7,LoadTestLink_7
attr8,attr_link_8,LoadTestLink_8
attr9,attr_link_9,LoadTestLink_9
attr10,attr_link_10,LoadTestLink_10
attr11,attr_benefits_b2b_1,LoadTestText_1
attr12,attr_benefits_b2b_2,LoadTestText_2
attr13,attr_benefits_b2b_3,LoadTestText_3
attr14,attr_benefits_b2b_4,LoadTestText_4
attr15,attr_benefits_b2b_5,LoadTestText_5
attr16,attr_benefits_b2b_6,LoadTestText_6
attr17,attr_benefits_b2b_7,LoadTestText_7
attr18,attr_benefits_b2b_8,LoadTestText_8
attr19,attr_benefits_b2b_9,LoadTestText_9
attr20,attr_benefits_b2b_10,LoadTestText_10
