tag1,tag_definition,1fd75260-7848-4e5e-b3e5-32ea504bcebd,100
tag2,tag_angle,2180dad7-f1f3-43be-9313-55946dea32d2,100
tag3,tag_night_vision,427189a0-a5a3-4ee1-873b-8958b8395c1c,100
tag4,tag_video_storage,f11d25fd-e16b-43d9-b0d7-71e6ae304cc1,100
tag5,84f8b0ba-58fd-4467-b110-375dbd90f6b0,41ab0a8b-d0ff-4d76-b8be-290815d0312c,100
tag6,d9d6a4a7-43e7-456c-9079-84907e2fb023,4a82f916-dfda-43e1-bc6f-59abb521b3a0,100
tag7,1cb263cf-724d-4a47-bdc5-a4e1826eb96a,63bb7a82-67e6-4bba-9685-e0ea223efd4e,100
tag8,tag_end_product_nature,tag_end_product_nature_iron,100
tag9,tag_gate_operator_type,26674a8f-9b5e-4fcb-93b9-078dc40972bf,100
tag10,tag_control_&_communication,486993df-a45a-4609-b6c8-7932d73c8617,100