Label,# Samples,Average,Median,90% Line,95% Line,99% Line,Min,Max,Error %,Throughput,Received KB/sec,Sent KB/sec
Pre-loaded Data for Run Thread Group:Transaction Controller (Load Data of Attribute and Tags for Save Article),1,6,6,6,6,6,6,6,0.000%,142.85714,0.00,0.00
Pre-loaded Data for Run Thread Group:Transaction Controller (Load Data of Attribute and Tags for Paramteric Search 2),1,3,3,3,3,3,3,3,0.000%,333.33333,0.00,0.00
Pre-loaded Data for Run Thread Group:Transaction Controller (Load Data of Attribute and Tags for Paramteric Search 3),1,25,25,25,25,25,25,25,0.000%,40.00000,0.00,0.00
Process Thread Group:Login Controller - Open Application ,10,1211,811,2080,2080,2670,685,2670,0.000%,1.37589,126.76,12.63
Process Thread Group:Transaction Controller - Simple Search (case 1),10,44358,42035,52829,52829,53313,38401,53313,0.000%,.17491,30.82,0.39
TOTAL,23,19814,2080,48674,52829,53313,3,53313,0.000%,.39695,46.32,1.97
