Label,# Samples,Average,Median,90% Line,95% Line,99% Line,Min,Max,Error %,Throughput,Received KB/sec,Sent KB/sec
Pre-loaded Data for Run Thread Group:Transaction Controller (Load Data of Attribute and Tags for Save Article),1,6,6,6,6,6,6,6,0.000%,125.00000,0.00,0.00
Pre-loaded Data for Run Thread Group:Transaction Controller (Load Data of Attribute and Tags for Paramteric Search 2),1,3,3,3,3,3,3,3,0.000%,333.33333,0.00,0.00
Pre-loaded Data for Run Thread Group:Transaction Controller (Load Data of Attribute and Tags for Paramteric Search 3),1,30,30,30,30,30,30,30,0.000%,33.33333,0.00,0.00
Process Thread Group:Login Controller - Open Application ,10,1129,767,1802,1802,2069,692,2069,0.000%,1.50038,138.22,13.78
Process Thread Group:Transaction Controller - Simple Search (case 1),10,40388,36323,52072,52072,55127,31671,55127,0.000%,.17752,31.29,0.40
TOTAL,23,18052,1802,46524,52072,55127,3,55127,0.000%,.40306,47.03,2.00
