Label,# Samples,Average,Median,90% Line,95% Line,99% Line,Min,Max,Error %,Throughput,Received KB/sec,Sent KB/sec
Pre-loaded Data for Run Thread Group:Transaction Controller (Load Data of Attribute and Tags for Save Article),1,9,9,9,9,9,9,9,0.000%,111.11111,0.00,0.00
Pre-loaded Data for Run Thread Group:Transaction Controller (Load Data of Attribute and Tags for Paramteric Search 2),1,3,3,3,3,3,3,3,0.000%,333.33333,0.00,0.00
Pre-loaded Data for Run Thread Group:Transaction Controller (Load Data of Attribute and Tags for Paramteric Search 3),1,25,25,25,25,25,25,25,0.000%,40.00000,0.00,0.00
Process Thread Group:Login Controller - Open Application ,10,1308,875,2184,2184,3349,689,3349,0.000%,1.25549,115.67,11.53
Process Thread Group:Transaction Controller - Simple Search (case 1),10,44831,42581,51786,51786,53449,39866,53449,0.000%,.17766,31.31,0.40
TOTAL,23,20062,2184,49428,51786,53449,3,53449,0.000%,.40332,47.06,2.00
