Label,# Samples,Average,Median,90% Line,95% Line,99% Line,Min,Max,Error %,Throughput,Received KB/sec,Sent KB/sec
Pre-loaded Data for Run Thread Group:Transaction Controller (Load Data of Attribute and Tags for Save Article),1,7,7,7,7,7,7,7,0.000%,125.00000,0.00,0.00
Pre-loaded Data for Run Thread Group:Transaction Controller (Load Data of Attribute and Tags for Paramteric Search 2),1,3,3,3,3,3,3,3,0.000%,333.33333,0.00,0.00
Pre-loaded Data for Run Thread Group:Transaction Controller (Load Data of Attribute and Tags for Paramteric Search 3),1,39,39,39,39,39,39,39,0.000%,25.64103,0.00,0.00
Process Thread Group:Login Controller - Open Application ,10,2086,954,2227,2227,10797,613,10797,0.000%,.69560,64.08,6.39
Process Thread Group:Transaction Controller - Simple Search (case 1),10,40785,39861,46087,46087,50758,33360,50758,0.000%,.16767,29.55,0.37
TOTAL,23,18641,2227,44898,46087,50758,3,50758,0.000%,.38028,44.37,1.89
