Label,# Samples,Average,Median,90% Line,95% Line,99% Line,Min,Max,Error %,Throughput,Received KB/sec,Sent KB/sec
Pre-loaded Data for Run Thread Group:Transaction Controller (Load Data of Attribute and Tags for Save Article),1,8,8,8,8,8,8,8,0.000%,111.11111,0.00,0.00
Pre-loaded Data for Run Thread Group:Transaction Controller (Load Data of Attribute and Tags for Paramteric Search 2),1,3,3,3,3,3,3,3,0.000%,250.00000,0.00,0.00
Pre-loaded Data for Run Thread Group:Transaction Controller (Load Data of Attribute and Tags for Paramteric Search 3),1,36,36,36,36,36,36,36,0.000%,27.77778,0.00,0.00
Process Thread Group:Login Controller - Open Application ,20,681,678,743,780,782,594,782,0.000%,.68067,61.33,6.25
Process Thread Group:Transaction Controller - ParametricSearch 1 (taxonomy) (case 2),20,2702,2717,2846,2955,3010,2491,3010,0.000%,.64288,47.96,2.41
TOTAL,43,1574,780,2759,2846,3010,3,3010,0.000%,1.34733,103.21,8.10
