Label,# Samples,Average,Median,90% Line,95% Line,99% Line,Min,Max,Error %,Throughput,Received KB/sec,Sent KB/sec
Pre-loaded Data for Run Thread Group:Transaction Controller (Load Data of Attribute and Tags for Save Article),1,7,7,7,7,7,7,7,0.000%,142.85714,0.00,0.00
Pre-loaded Data for Run Thread Group:Transaction Controller (Load Data of Attribute and Tags for Paramteric Search 2),1,3,3,3,3,3,3,3,0.000%,250.00000,0.00,0.00
Pre-loaded Data for Run Thread Group:Transaction Controller (Load Data of Attribute and Tags for Paramteric Search 3),1,75,75,75,75,75,75,75,0.000%,13.33333,0.00,0.00
Process Thread Group:Login Controller - Open Application ,10,769,720,894,894,896,656,896,0.000%,1.81719,167.43,16.69
Process Thread Group:Transaction Controller - ParametricSearch 1 (taxonomy) (case 2),10,2995,3026,3264,3264,3290,2650,3290,0.000%,1.34499,101.99,5.04
TOTAL,23,1640,894,3086,3264,3290,3,3290,0.000%,2.81414,205.51,15.82
