Label,# Samples,Average,Median,90% Line,95% Line,99% Line,Min,Max,Error %,Throughput,Received KB/sec,Sent KB/sec
Pre-loaded Data for Run Thread Group:Transaction Controller (Load Data of Attribute and Tags for Save Article),1,8,8,8,8,8,8,8,0.000%,111.11111,0.00,0.00
Pre-loaded Data for Run Thread Group:Transaction Controller (Load Data of Attribute and Tags for Paramteric Search 2),1,4,4,4,4,4,4,4,0.000%,250.00000,0.00,0.00
Pre-loaded Data for Run Thread Group:Transaction Controller (Load Data of Attribute and Tags for Paramteric Search 3),1,36,36,36,36,36,36,36,0.000%,27.77778,0.00,0.00
Process Thread Group:Login Controller - Open Application ,20,706,710,787,788,827,611,827,0.000%,.67986,61.25,6.24
Process Thread Group:Transaction Controller - ParametricSearch 1 (taxonomy) (case 2),20,2737,2699,2866,3015,3053,2582,3053,0.000%,.63806,47.60,2.39
TOTAL,43,1603,788,2817,2866,3053,4,3053,0.000%,1.33961,102.61,8.06
