Label,# Samples,Average,Median,90% Line,95% Line,99% Line,Min,Max,Error %,Throughput,Received KB/sec,Sent KB/sec
Pre-loaded Data for Run Thread Group:Transaction Controller (Load Data of Attribute and Tags for Save Article),1,6,6,6,6,6,6,6,0.000%,142.85714,0.00,0.00
Pre-loaded Data for Run Thread Group:Transaction Controller (Load Data of Attribute and Tags for Paramteric Search 2),1,2,2,2,2,2,2,2,0.000%,333.33333,0.00,0.00
Pre-loaded Data for Run Thread Group:Transaction Controller (Load Data of Attribute and Tags for Paramteric Search 3),1,58,58,58,58,58,58,58,0.000%,17.24138,0.00,0.00
Process Thread Group:Login Controller - Open Application ,10,742,758,778,778,797,668,797,0.000%,1.85943,171.31,17.07
Process Thread Group:Transaction Controller - ParametricSearch 1 (taxonomy) (case 2),10,3011,3005,3162,3162,3269,2589,3269,0.000%,1.38831,105.29,5.20
TOTAL,23,1634,778,3144,3162,3269,2,3269,0.000%,2.88076,210.38,16.19
