Label,# Samples,Average,Median,90% Line,95% Line,99% Line,Min,Max,Error %,Throughput,Received KB/sec,Sent KB/sec
Pre-loaded Data for Run Thread Group:Transaction Controller (Load Data of Attribute and Tags for Save Article),1,7,7,7,7,7,7,7,0.000%,142.85714,0.00,0.00
Pre-loaded Data for Run Thread Group:Transaction Controller (Load Data of Attribute and Tags for Paramteric Search 2),1,3,3,3,3,3,3,3,0.000%,250.00000,0.00,0.00
Pre-loaded Data for Run Thread Group:Transaction Controller (Load Data of Attribute and Tags for Paramteric Search 3),1,60,60,60,60,60,60,60,0.000%,16.66667,0.00,0.00
Process Thread Group:Login Controller - Open Application ,10,717,715,757,757,784,650,784,0.000%,1.85736,171.12,17.06
Process Thread Group:Transaction Controller - ParametricSearch 1 (taxonomy) (case 2),10,3015,3004,3147,3147,3225,2650,3225,0.000%,1.36687,103.65,5.12
TOTAL,23,1625,757,3147,3147,3225,3,3225,0.000%,2.85643,208.59,16.06
