Label,# Samples,Average,Median,90% Line,95% Line,99% Line,Min,Max,Error %,Throughput,Received KB/sec,Sent KB/sec
Pre-loaded Data for Run Thread Group:Transaction Controller (Load Data of Attribute and Tags for Save Article),1,10,10,10,10,10,10,10,0.000%,90.90909,0.00,0.00
Pre-loaded Data for Run Thread Group:Transaction Controller (Load Data of Attribute and Tags for Paramteric Search 2),1,6,6,6,6,6,6,6,0.000%,166.66667,0.00,0.00
Pre-loaded Data for Run Thread Group:Transaction Controller (Load Data of Attribute and Tags for Paramteric Search 3),1,41,41,41,41,41,41,41,0.000%,24.39024,0.00,0.00
Process Thread Group:Login Controller - Open Application ,20,685,683,743,752,796,613,796,0.000%,.67909,61.18,6.24
Process Thread Group:Transaction Controller - ParametricSearch 1 (taxonomy) (case 2),20,2687,2657,2824,2888,2951,2535,2951,0.000%,.64041,47.77,2.40
TOTAL,43,1570,752,2770,2824,2951,6,2951,0.000%,1.34316,102.89,8.08
