Label,# Samples,Average,Median,90% Line,95% Line,99% Line,Min,Max,Error %,Throughput,Received KB/sec,Sent KB/sec
Pre-loaded Data for Run Thread Group:Transaction Controller (Load Data of Attribute and Tags for Save Article),1,7,7,7,7,7,7,7,0.000%,142.85714,0.00,0.00
Pre-loaded Data for Run Thread Group:Transaction Controller (Load Data of Attribute and Tags for Paramteric Search 2),1,3,3,3,3,3,3,3,0.000%,250.00000,0.00,0.00
Pre-loaded Data for Run Thread Group:Transaction Controller (Load Data of Attribute and Tags for Paramteric Search 3),1,57,57,57,57,57,57,57,0.000%,17.54386,0.00,0.00
Process Thread Group:Login Controller - Open Application ,10,720,708,782,782,783,667,783,0.000%,1.89036,174.16,17.36
Process Thread Group:Transaction Controller - ParametricSearch 1 (taxonomy) (case 2),10,3031,3006,3257,3257,3290,2593,3290,0.000%,1.40825,106.78,5.28
TOTAL,23,1634,782,3231,3257,3290,3,3290,0.000%,2.91066,212.55,16.36
