Label,# Samples,Average,Median,90% Line,95% Line,99% Line,Min,Max,Error %,Throughput,Received KB/sec,Sent KB/sec
Pre-loaded Data for Run Thread Group:Transaction Controller (Load Data of Attribute and Tags for Save Article),1,10,10,10,10,10,10,10,0.000%,76.92308,0.00,0.00
Pre-loaded Data for Run Thread Group:Transaction Controller (Load Data of Attribute and Tags for Paramteric Search 2),1,7,7,7,7,7,7,7,0.000%,142.85714,0.00,0.00
Pre-loaded Data for Run Thread Group:Transaction Controller (Load Data of Attribute and Tags for Paramteric Search 3),1,44,44,44,44,44,44,44,0.000%,22.72727,0.00,0.00
Process Thread Group:Login Controller - Open Application ,20,738,704,790,819,1381,628,1381,0.000%,.67969,61.23,6.24
Process Thread Group:Transaction Controller - ParametricSearch 1 (taxonomy) (case 2),20,2756,2717,2938,2947,2991,2627,2991,0.000%,.65132,48.58,2.44
TOTAL,43,1626,819,2831,2938,2991,7,2991,0.000%,1.33894,102.55,8.05
