Label,# Samples,Average,Median,90% Line,95% Line,99% Line,Min,Max,Error %,Throughput,Received KB/sec,Sent KB/sec
Pre-loaded Data for Run Thread Group:Transaction Controller (Load Data of Attribute and Tags for Save Article),1,7,7,7,7,7,7,7,0.000%,142.85714,0.00,0.00
Pre-loaded Data for Run Thread Group:Transaction Controller (Load Data of Attribute and Tags for Paramteric Search 2),1,4,4,4,4,4,4,4,0.000%,250.00000,0.00,0.00
Pre-loaded Data for Run Thread Group:Transaction Controller (Load Data of Attribute and Tags for Paramteric Search 3),1,128,128,128,128,128,128,128,0.000%,7.81250,0.00,0.00
Process Thread Group:Login Controller - Open Application ,50,10839,7890,29474,35435,41710,573,41710,0.000%,1.12201,103.37,10.30
Process Thread Group:Transaction Controller - ParametricSearch 3 (Attribute and Tags) (case 4),50,26285,29879,33789,34957,43226,12504,43226,0.000%,.86579,61.85,6.10
TOTAL,103,18022,15283,33747,36219,41710,4,43226,0.000%,1.76153,139.87,13.88
