Label,# Samples,Average,Median,90% Line,95% Line,99% Line,Min,Max,Error %,Throughput,Received KB/sec,Sent KB/sec
Pre-loaded Data for Run Thread Group:Transaction Controller (Load Data of Attribute and Tags for Save Article),1,8,8,8,8,8,8,8,0.000%,111.11111,0.00,0.00
Pre-loaded Data for Run Thread Group:Transaction Controller (Load Data of Attribute and Tags for Paramteric Search 2),1,4,4,4,4,4,4,4,0.000%,250.00000,0.00,0.00
Pre-loaded Data for Run Thread Group:Transaction Controller (Load Data of Attribute and Tags for Paramteric Search 3),1,118,118,118,118,118,118,118,0.000%,8.47458,0.00,0.00
Process Thread Group:Login Controller - Open Application ,50,10322,8389,15954,34298,37328,605,37328,0.000%,1.11460,102.69,10.24
Process Thread Group:Transaction Controller - ParametricSearch 3 (Attribute and Tags) (case 4),50,28209,29804,36919,49936,52933,11693,52933,0.000%,.88218,63.02,6.21
TOTAL,103,18706,15387,34521,37328,52529,4,52933,0.000%,1.79074,142.19,14.11
