Label,# Samples,Average,Median,90% Line,95% Line,99% Line,Min,Max,Error %,Throughput,Received KB/sec,Sent KB/sec
Pre-loaded Data for Run Thread Group:Transaction Controller (Load Data of Attribute and Tags for Save Article),1,7,7,7,7,7,7,7,0.000%,125.00000,0.00,0.00
Pre-loaded Data for Run Thread Group:Transaction Controller (Load Data of Attribute and Tags for Paramteric Search 2),1,4,4,4,4,4,4,4,0.000%,166.66667,0.00,0.00
Pre-loaded Data for Run Thread Group:Transaction Controller (Load Data of Attribute and Tags for Paramteric Search 3),1,145,145,145,145,145,145,145,0.000%,6.89655,0.00,0.00
Process Thread Group:Login Controller - Open Application ,50,8432,10263,11790,11934,40084,638,40084,0.000%,1.13381,104.46,10.41
Process Thread Group:Transaction Controller - ParametricSearch 3 (Attribute and Tags) (case 4),50,31735,33199,42634,52698,53513,11620,53513,0.000%,.87134,62.25,6.14
TOTAL,103,19500,12352,36631,42634,52817,4,53513,0.000%,1.77262,140.76,13.96
