Label,# Samples,Average,Median,90% Line,95% Line,99% Line,Min,Max,Error %,Throughput,Received KB/sec,Sent KB/sec
Pre-loaded Data for Run Thread Group:Transaction Controller (Load Data of Attribute and Tags for Save Article),1,11,11,11,11,11,11,11,0.000%,83.33333,0.00,0.00
Pre-loaded Data for Run Thread Group:Transaction Controller (Load Data of Attribute and Tags for Paramteric Search 2),1,6,6,6,6,6,6,6,0.000%,166.66667,0.00,0.00
Pre-loaded Data for Run Thread Group:Transaction Controller (Load Data of Attribute and Tags for Paramteric Search 3),1,112,112,112,112,112,112,112,0.000%,8.92857,0.00,0.00
Process Thread Group:Login Controller - Open Application ,50,8505,10082,12499,13341,40109,657,40109,0.000%,1.04795,96.55,9.62
Process Thread Group:Transaction Controller - ParametricSearch 3 (Attribute and Tags) (case 4),50,32582,33846,50938,52791,54682,10610,54682,0.000%,.86831,62.03,6.12
TOTAL,103,19946,12836,38904,50938,54083,6,54682,0.000%,1.76545,140.18,13.91
