Label,# Samples,Average,Median,90% Line,95% Line,99% Line,Min,Max,Error %,Throughput,Received KB/sec,Sent KB/sec
Pre-loaded Data for Run Thread Group:Transaction Controller (Load Data of Attribute and Tags for Save Article),1,7,7,7,7,7,7,7,0.000%,125.00000,0.00,0.00
Pre-loaded Data for Run Thread Group:Transaction Controller (Load Data of Attribute and Tags for Paramteric Search 2),1,3,3,3,3,3,3,3,0.000%,333.33333,0.00,0.00
Pre-loaded Data for Run Thread Group:Transaction Controller (Load Data of Attribute and Tags for Paramteric Search 3),1,132,132,132,132,132,132,132,0.000%,7.57576,0.00,0.00
Process Thread Group:Login Controller - Open Application ,100,13583,8840,30463,38561,62967,643,63871,0.000%,1.06022,97.68,9.74
Process Thread Group:Transaction Controller - ParametricSearch 2 (Attribute and Tags) (case 3),100,52509,52745,72698,81126,89013,8325,89604,0.000%,.98145,136.37,3.29
TOTAL,203,32558,28413,67642,72698,88328,3,89604,0.000%,1.97740,225.09,12.21
