Label,# Samples,Average,Median,90% Line,95% Line,99% Line,Min,Max,Error %,Throughput,Received KB/sec,Sent KB/sec
Pre-loaded Data for Run Thread Group:Transaction Controller (Load Data of Attribute and Tags for Save Article),1,6,6,6,6,6,6,6,0.000%,166.66667,0.00,0.00
Pre-loaded Data for Run Thread Group:Transaction Controller (Load Data of Attribute and Tags for Paramteric Search 2),1,3,3,3,3,3,3,3,0.000%,333.33333,0.00,0.00
Pre-loaded Data for Run Thread Group:Transaction Controller (Load Data of Attribute and Tags for Paramteric Search 3),1,159,159,159,159,159,159,159,0.000%,6.28931,0.00,0.00
Process Thread Group:Login Controller - Open Application ,100,13810,10458,31885,39670,50111,687,55785,0.000%,1.17669,108.41,10.81
Process Thread Group:Transaction Controller - ParametricSearch 2 (Attribute and Tags) (case 3),100,49552,52321,64689,68108,79376,15482,81480,0.000%,.99313,137.99,3.33
TOTAL,203,31214,29877,59846,64689,69777,3,81480,0.000%,2.00071,227.74,12.35
