Label,# Samples,Average,Median,90% Line,95% Line,99% Line,Min,Max,Error %,Throughput,Received KB/sec,Sent KB/sec
Pre-loaded Data for Run Thread Group:Transaction Controller (Load Data of Attribute and Tags for Save Article),1,8,8,8,8,8,8,8,0.000%,125.00000,0.00,0.00
Pre-loaded Data for Run Thread Group:Transaction Controller (Load Data of Attribute and Tags for Paramteric Search 2),1,3,3,3,3,3,3,3,0.000%,250.00000,0.00,0.00
Pre-loaded Data for Run Thread Group:Transaction Controller (Load Data of Attribute and Tags for Paramteric Search 3),1,124,124,124,124,124,124,124,0.000%,8.06452,0.00,0.00
Process Thread Group:Login Controller - Open Application ,100,14423,10375,30851,32135,49455,682,51230,0.000%,1.26150,116.22,11.58
Process Thread Group:Transaction Controller - ParametricSearch 2 (Attribute and Tags) (case 3),100,48323,46793,70964,75817,79690,17488,85115,0.000%,.99885,138.78,3.35
TOTAL,203,30910,30348,60465,70964,79537,3,85115,0.000%,2.01207,229.03,12.42
