Label,# Samples,Average,Median,90% Line,95% Line,99% Line,Min,Max,Error %,Throughput,Received KB/sec,Sent KB/sec
Pre-loaded Data for Run Thread Group:Transaction Controller (Load Data of Attribute and Tags for Save Article),1,6,6,6,6,6,6,6,0.000%,142.85714,0.00,0.00
Pre-loaded Data for Run Thread Group:Transaction Controller (Load Data of Attribute and Tags for Paramteric Search 2),1,3,3,3,3,3,3,3,0.000%,333.33333,0.00,0.00
Pre-loaded Data for Run Thread Group:Transaction Controller (Load Data of Attribute and Tags for Paramteric Search 3),1,129,129,129,129,129,129,129,0.000%,7.75194,0.00,0.00
Process Thread Group:Login Controller - Open Application ,100,12029,9748,27855,37005,41961,627,46994,0.000%,1.30753,120.46,12.01
Process Thread Group:Transaction Controller - ParametricSearch 2 (Attribute and Tags) (case 3),100,53090,53799,72381,76717,87842,16140,90554,0.000%,.98121,136.33,3.29
TOTAL,203,32079,27971,65317,72381,83608,3,90554,0.000%,1.97925,225.29,12.22
