Label,# Samples,Average,Median,90% Line,95% Line,99% Line,Min,Max,Error %,Throughput,Received KB/sec,Sent KB/sec
Pre-loaded Data for Run Thread Group:Transaction Controller (Load Data of Attribute and Tags for Save Article),1,8,8,8,8,8,8,8,0.000%,125.00000,0.00,0.00
Pre-loaded Data for Run Thread Group:Transaction Controller (Load Data of Attribute and Tags for Paramteric Search 2),1,3,3,3,3,3,3,3,0.000%,250.00000,0.00,0.00
Pre-loaded Data for Run Thread Group:Transaction Controller (Load Data of Attribute and Tags for Paramteric Search 3),1,66,66,66,66,66,66,66,0.000%,15.15152,0.00,0.00
Process Thread Group:Login Controller - Open Application ,10,947,846,1428,1428,1459,737,1459,0.000%,1.65920,152.88,15.24
Process Thread Group:Transaction Controller - ParametricSearch 2 (Attribute and Tags) (case 3),10,7111,7019,7572,7572,7761,6440,7761,0.000%,.85317,118.53,2.86
TOTAL,23,3507,1428,7476,7572,7761,3,7761,0.000%,1.84206,185.06,10.04
