Label,# Samples,Average,Median,90% Line,95% Line,99% Line,Min,Max,Error %,Throughput,Received KB/sec,Sent KB/sec
Pre-loaded Data for Run Thread Group:Transaction Controller (Load Data of Attribute and Tags for Save Article),1,7,7,7,7,7,7,7,0.000%,142.85714,0.00,0.00
Pre-loaded Data for Run Thread Group:Transaction Controller (Load Data of Attribute and Tags for Paramteric Search 2),1,3,3,3,3,3,3,3,0.000%,333.33333,0.00,0.00
Pre-loaded Data for Run Thread Group:Transaction Controller (Load Data of Attribute and Tags for Paramteric Search 3),1,38,38,38,38,38,38,38,0.000%,26.31579,0.00,0.00
Process Thread Group:Login Controller - Open Application ,20,911,698,1378,2237,2547,647,2547,0.000%,.67847,61.13,6.23
Process Thread Group:Transaction Controller - ParametricSearch 2 (Attribute and Tags) (case 3),20,5463,4943,7388,7506,7824,4587,7824,0.000%,.59927,83.26,2.01
TOTAL,43,2966,2237,6306,7388,7824,3,7824,0.000%,1.26133,134.36,7.35
