Label,# Samples,Average,Median,90% Line,95% Line,99% Line,Min,Max,Error %,Throughput,Received KB/sec,Sent KB/sec
Pre-loaded Data for Run Thread Group:Transaction Controller (Load Data of Attribute and Tags for Save Article),1,10,10,10,10,10,10,10,0.000%,100.00000,0.00,0.00
Pre-loaded Data for Run Thread Group:Transaction Controller (Load Data of Attribute and Tags for Paramteric Search 2),1,4,4,4,4,4,4,4,0.000%,250.00000,0.00,0.00
Pre-loaded Data for Run Thread Group:Transaction Controller (Load Data of Attribute and Tags for Paramteric Search 3),1,79,79,79,79,79,79,79,0.000%,12.65823,0.00,0.00
Process Thread Group:Login Controller - Open Application ,10,851,802,1005,1005,1020,705,1020,0.000%,1.77494,163.53,16.30
Process Thread Group:Transaction Controller - ParametricSearch 2 (Attribute and Tags) (case 3),10,7001,6689,7608,7608,9493,6074,9493,0.000%,.84810,117.84,2.84
TOTAL,23,3418,1005,7147,7608,9493,4,9493,0.000%,1.82786,183.64,9.96
