Label,# Samples,Average,Median,90% Line,95% Line,99% Line,Min,Max,Error %,Throughput,Received KB/sec,Sent KB/sec
Pre-loaded Data for Run Thread Group:Transaction Controller (Load Data of Attribute and Tags for Save Article),1,6,6,6,6,6,6,6,0.000%,125.00000,0.00,0.00
Pre-loaded Data for Run Thread Group:Transaction Controller (Load Data of Attribute and Tags for Paramteric Search 2),1,4,4,4,4,4,4,4,0.000%,250.00000,0.00,0.00
Pre-loaded Data for Run Thread Group:Transaction Controller (Load Data of Attribute and Tags for Paramteric Search 3),1,38,38,38,38,38,38,38,0.000%,26.31579,0.00,0.00
Process Thread Group:Login Controller - Open Application ,20,724,716,772,779,801,681,801,0.000%,.67960,61.23,6.24
Process Thread Group:Transaction Controller - ParametricSearch 2 (Attribute and Tags) (case 3),20,4968,4968,5182,5214,5259,4426,5259,0.000%,.59700,82.94,2.00
TOTAL,43,2648,779,5115,5182,5259,4,5259,0.000%,1.25727,133.93,7.33
