Label,# Samples,Average,Median,90% Line,95% Line,99% Line,Min,Max,Error %,Throughput,Received KB/sec,Sent KB/sec
Pre-loaded Data for Run Thread Group:Transaction Controller (Load Data of Attribute and Tags for Save Article),1,7,7,7,7,7,7,7,0.000%,125.00000,0.00,0.00
Pre-loaded Data for Run Thread Group:Transaction Controller (Load Data of Attribute and Tags for Paramteric Search 2),1,3,3,3,3,3,3,3,0.000%,333.33333,0.00,0.00
Pre-loaded Data for Run Thread Group:Transaction Controller (Load Data of Attribute and Tags for Paramteric Search 3),1,44,44,44,44,44,44,44,0.000%,22.72727,0.00,0.00
Process Thread Group:Login Controller - Open Application ,20,740,730,797,802,821,633,821,0.000%,.68032,61.30,6.25
Process Thread Group:Transaction Controller - ParametricSearch 2 (Attribute and Tags) (case 3),20,4872,4916,5047,5049,5064,4376,5064,0.000%,.60221,83.67,2.02
TOTAL,43,2612,802,5022,5047,5064,3,5064,0.000%,1.26776,135.05,7.39
