Label,# Samples,Average,Median,90% Line,95% Line,99% Line,Min,Max,Error %,Throughput,Received KB/sec,Sent KB/sec
Pre-loaded Data for Run Thread Group:Transaction Controller (Load Data of Attribute and Tags for Save Article),1,6,6,6,6,6,6,6,0.000%,142.85714,0.00,0.00
Pre-loaded Data for Run Thread Group:Transaction Controller (Load Data of Attribute and Tags for Paramteric Search 2),1,3,3,3,3,3,3,3,0.000%,333.33333,0.00,0.00
Pre-loaded Data for Run Thread Group:Transaction Controller (Load Data of Attribute and Tags for Paramteric Search 3),1,71,71,71,71,71,71,71,0.000%,14.08451,0.00,0.00
Process Thread Group:Login Controller - Open Application ,10,853,804,1028,1028,1115,662,1115,0.000%,1.77399,163.44,16.29
Process Thread Group:Transaction Controller - ParametricSearch 2 (Attribute and Tags) (case 3),10,7159,7097,7521,7521,7556,6578,7556,0.000%,.87589,121.70,2.93
TOTAL,23,3487,1028,7480,7521,7556,3,7556,0.000%,1.87985,188.86,10.24
