Label,# Samples,Average,Median,90% Line,95% Line,99% Line,Min,Max,Error %,Throughput,Received KB/sec,Sent KB/sec
Pre-loaded Data for Run Thread Group:Transaction Controller (Load Data of Attribute and Tags for Save Article),1,8,8,8,8,8,8,8,0.000%,111.11111,0.00,0.00
Pre-loaded Data for Run Thread Group:Transaction Controller (Load Data of Attribute and Tags for Paramteric Search 2),1,3,3,3,3,3,3,3,0.000%,250.00000,0.00,0.00
Pre-loaded Data for Run Thread Group:Transaction Controller (Load Data of Attribute and Tags for Paramteric Search 3),1,37,37,37,37,37,37,37,0.000%,27.02703,0.00,0.00
Process Thread Group:Login Controller - Open Application ,20,1041,735,2087,2595,3154,675,3154,0.000%,.63886,57.56,5.87
Process Thread Group:Transaction Controller - ParametricSearch 2 (Attribute and Tags) (case 3),20,5114,5086,5407,5529,6268,4651,6268,0.000%,.56681,78.75,1.90
TOTAL,43,2864,2595,5369,5407,6268,3,6268,0.000%,1.19315,127.10,6.96
