Label,# Samples,Average,Median,90% Line,95% Line,99% Line,Min,Max,Error %,Throughput,Received KB/sec,Sent KB/sec
Pre-loaded Data for Run Thread Group:Transaction Controller (Load Data of Attribute and Tags for Save Article),1,6,6,6,6,6,6,6,0.000%,142.85714,0.00,0.00
Pre-loaded Data for Run Thread Group:Transaction Controller (Load Data of Attribute and Tags for Paramteric Search 2),1,3,3,3,3,3,3,3,0.000%,333.33333,0.00,0.00
Pre-loaded Data for Run Thread Group:Transaction Controller (Load Data of Attribute and Tags for Paramteric Search 3),1,67,67,67,67,67,67,67,0.000%,14.92537,0.00,0.00
Process Thread Group:Login Controller - Open Application ,10,863,851,1012,1012,1208,682,1208,0.000%,1.72176,158.63,15.81
Process Thread Group:Transaction Controller - ParametricSearch 2 (Attribute and Tags) (case 3),10,7022,6798,7893,7893,8773,6401,8773,0.000%,.76929,106.88,2.58
TOTAL,23,3432,1012,7184,7893,8773,3,8773,0.000%,1.67382,168.16,9.12
