Label,# Samples,Average,Median,90% Line,95% Line,99% Line,Min,Max,Error %,Throughput,Received KB/sec,Sent KB/sec
Process Thread Group:Login Controller - Open Application ,50,134,135,147,149,162,116,162,0.000%,39.93610,30.89,33.50
Process Thread Group:Switch To MxM Module,50,4,4,6,6,7,3,7,0.000%,45.66210,57.53,26.04
Process Thread Group:Open Dashboard,50,4,4,6,6,8,3,8,0.000%,45.74565,23.42,26.18
Process Thread Group:OpenDashboardTab,50,29,28,34,35,39,24,39,0.000%,44.80287,1076.95,25.29
TOTAL,200,43,8,137,146,151,3,162,0.000%,155.27950,1031.95,98.83
