Label,# Samples,Average,Median,90% Line,95% Line,99% Line,Min,Max,Error %,Throughput,Received KB/sec,Sent KB/sec
Process Thread Group:Login Controller - Open Application ,50,141,138,149,149,240,131,240,0.000%,36.71072,28.39,30.80
Process Thread Group:Switch To MxM Module,50,7,5,7,7,79,3,79,0.000%,40.91653,51.56,23.34
Process Thread Group:Open Dashboard,50,6,5,6,7,103,3,103,0.000%,41.05090,21.02,23.49
Process Thread Group:OpenDashboardTab,50,32,29,36,36,127,23,127,0.000%,40.32258,969.14,22.76
TOTAL,200,46,24,142,147,155,3,240,0.000%,143.16392,951.33,91.12
