Label,# Samples,Average,Median,90% Line,95% Line,99% Line,Min,Max,Error %,Throughput,Received KB/sec,Sent KB/sec
Process Thread Group:Login Controller - Open Application ,50,135,136,147,149,163,116,163,0.000%,39.90423,30.86,33.47
Process Thread Group:Switch To MxM Module,50,4,4,6,7,10,3,10,0.000%,44.96403,56.67,25.64
Process Thread Group:Open Dashboard,50,4,4,6,6,8,3,8,0.000%,45.20796,23.15,25.87
Process Thread Group:OpenDashboardTab,50,29,29,36,37,40,21,40,0.000%,44.16961,1061.67,24.93
TOTAL,200,43,10,139,143,155,3,163,0.000%,154.79876,1028.71,98.53
