Label,# Samples,Average,Median,90% Line,95% Line,99% Line,Min,Max,Error %,Throughput,Received KB/sec,Sent KB/sec
Process Thread Group:Login Controller - Open Application ,50,140,139,150,151,181,122,181,0.000%,38.28484,29.61,32.12
Process Thread Group:Switch To MxM Module,50,4,5,6,6,8,3,8,0.000%,44.09171,55.60,25.15
Process Thread Group:Open Dashboard,50,5,5,7,9,11,3,11,0.000%,44.16961,22.62,25.28
Process Thread Group:OpenDashboardTab,50,30,30,35,37,40,24,40,0.000%,43.51610,1046.47,24.56
TOTAL,200,45,11,142,147,152,3,181,0.000%,148.58841,987.90,94.57
