Label,# Samples,Average,Median,90% Line,95% Line,99% Line,Min,Max,Error %,Throughput,Received KB/sec,Sent KB/sec
Pre-loaded Data for Run Thread Group:Transaction Controller (Load Data of Attribute and Tags for Save Article),1,9,9,9,9,9,9,9,0.000%,111.11111,0.00,0.00
Pre-loaded Data for Run Thread Group:Transaction Controller (Load Data of Attribute and Tags for Paramteric Search 3),1,4,4,4,4,4,4,4,0.000%,250.00000,0.00,0.00
Process Thread Group:Login Controller - Open Application ,1,163,163,163,163,163,163,163,0.000%,6.09756,7.01,8.53
Process Thread Group:Transaction Controller - ParametricSearch 3 (Attribute and Tags) (case 4),1,1715,1715,1715,1715,1715,1715,1715,0.000%,.58173,38.65,4.30
TOTAL,4,472,9,1715,1715,1715,4,1715,0.000%,2.10637,35.59,4.63
