Label,# Samples,Average,Median,90% Line,95% Line,99% Line,Min,Max,Error %,Throughput,Received KB/sec,Sent KB/sec
Pre-loaded Data for Run Thread Group:Transaction Controller (Load Data of Attribute and Tags for Save Article),1,8,8,8,8,8,8,8,0.000%,125.00000,0.00,0.00
Pre-loaded Data for Run Thread Group:Transaction Controller (Load Data of Attribute and Tags for Paramteric Search 2),1,2,2,2,2,2,2,2,0.000%,333.33333,0.00,0.00
Pre-loaded Data for Run Thread Group:Transaction Controller (Load Data of Attribute and Tags for Paramteric Search 3),1,44,44,44,44,44,44,44,0.000%,22.72727,0.00,0.00
Process Thread Group:Login Controller - Open Application ,10,807,752,1024,1024,1051,677,1051,0.000%,1.77368,163.40,16.29
Process Thread Group:Transaction Controller - ParametricSearch 3 (Attribute and Tags) (case 4),10,11264,11009,12240,12240,13171,9582,13171,0.000%,.65291,47.65,4.60
TOTAL,23,5250,1024,11651,12240,13171,2,13171,0.000%,1.43311,102.88,10.11
