Label,# Samples,Average,Median,90% Line,95% Line,99% Line,Min,Max,Error %,Throughput,Received KB/sec,Sent KB/sec
Pre-loaded Data for Run Thread Group:Transaction Controller (Load Data of Attribute and Tags for Save Article),1,10,10,10,10,10,10,10,0.000%,100.00000,0.00,0.00
Pre-loaded Data for Run Thread Group:Transaction Controller (Load Data of Attribute and Tags for Paramteric Search 3),1,4,4,4,4,4,4,4,0.000%,250.00000,0.00,0.00
Process Thread Group:Login Controller - Open Application ,1,143,143,143,143,143,143,143,0.000%,6.94444,7.98,9.71
Process Thread Group:Transaction Controller - ParametricSearch 3 (Attribute and Tags) (case 4),1,1773,1773,1773,1773,1773,1773,1773,0.000%,.56275,37.38,4.16
TOTAL,4,482,10,1773,1773,1773,4,1773,0.000%,2.06398,34.87,4.54
