Label,# Samples,Average,Median,90% Line,95% Line,99% Line,Min,Max,Error %,Throughput,Received KB/sec,Sent KB/sec
Pre-loaded Data for Run Thread Group:Transaction Controller (Load Data of Attribute and Tags for Save Article),1,12,12,12,12,12,12,12,0.000%,83.33333,0.00,0.00
Pre-loaded Data for Run Thread Group:Transaction Controller (Load Data of Attribute and Tags for Paramteric Search 3),1,6,6,6,6,6,6,6,0.000%,166.66667,0.00,0.00
Process Thread Group:Login Controller - Open Application ,1,144,144,144,144,144,144,144,0.000%,6.89655,7.93,9.64
Process Thread Group:Transaction Controller - ParametricSearch 3 (Attribute and Tags) (case 4),1,1802,1802,1802,1802,1802,1802,1802,0.000%,.55340,36.77,4.09
TOTAL,4,491,12,1802,1802,1802,6,1802,0.000%,2.02943,34.29,4.46
