Label,# Samples,Average,Median,90% Line,95% Line,99% Line,Min,Max,Error %,Throughput,Received KB/sec,Sent KB/sec
Pre-loaded Data for Run Thread Group:Transaction Controller (Load Data of Attribute and Tags for Save Article),1,8,8,8,8,8,8,8,0.000%,125.00000,0.00,0.00
Pre-loaded Data for Run Thread Group:Transaction Controller (Load Data of Attribute and Tags for Paramteric Search 2),1,3,3,3,3,3,3,3,0.000%,333.33333,0.00,0.00
Pre-loaded Data for Run Thread Group:Transaction Controller (Load Data of Attribute and Tags for Paramteric Search 3),1,55,55,55,55,55,55,55,0.000%,18.18182,0.00,0.00
Process Thread Group:Login Controller - Open Application ,10,778,723,958,958,1056,629,1056,0.000%,1.76585,162.68,16.22
Process Thread Group:Transaction Controller - ParametricSearch 3 (Attribute and Tags) (case 4),10,11362,11157,12059,12059,13221,9960,13221,0.000%,.63682,46.48,4.49
TOTAL,23,5281,958,12039,12059,13221,3,13221,0.000%,1.39852,100.40,9.87
