Label,# Samples,Average,Median,90% Line,95% Line,99% Line,Min,Max,Error %,Throughput,Received KB/sec,Sent KB/sec
Pre-loaded Data for Run Thread Group:Transaction Controller (Load Data of Attribute and Tags for Save Article),1,9,9,9,9,9,9,9,0.000%,100.00000,0.00,0.00
Pre-loaded Data for Run Thread Group:Transaction Controller (Load Data of Attribute and Tags for Paramteric Search 3),1,6,6,6,6,6,6,6,0.000%,166.66667,0.00,0.00
Process Thread Group:Login Controller - Open Application ,1,146,146,146,146,146,146,146,0.000%,6.80272,7.82,9.51
Process Thread Group:Transaction Controller - ParametricSearch 3 (Attribute and Tags) (case 4),1,2269,2269,2269,2269,2269,2269,2269,0.000%,.43995,29.23,3.25
TOTAL,4,607,9,2269,2269,2269,6,2269,0.000%,1.64002,27.71,3.60
