Label,# Samples,Average,Median,90% Line,95% Line,99% Line,Min,Max,Error %,Throughput,Received KB/sec,Sent KB/sec
Pre-loaded Data for Run Thread Group:Transaction Controller (Load Data of Attribute and Tags for Save Article),1,7,7,7,7,7,7,7,0.000%,125.00000,0.00,0.00
Pre-loaded Data for Run Thread Group:Transaction Controller (Load Data of Attribute and Tags for Paramteric Search 2),1,4,4,4,4,4,4,4,0.000%,250.00000,0.00,0.00
Pre-loaded Data for Run Thread Group:Transaction Controller (Load Data of Attribute and Tags for Paramteric Search 3),1,52,52,52,52,52,52,52,0.000%,19.23077,0.00,0.00
Process Thread Group:Login Controller - Open Application ,10,797,711,1075,1075,1136,640,1136,0.000%,1.73883,160.20,15.97
Process Thread Group:Transaction Controller - ParametricSearch 3 (Attribute and Tags) (case 4),10,11385,11213,12452,12452,12904,9776,12904,0.000%,.63690,46.49,4.49
TOTAL,23,5299,1075,12130,12452,12904,4,12904,0.000%,1.40252,100.69,9.90
