Label,# Samples,Average,Median,90% Line,95% Line,99% Line,Min,Max,Error %,Throughput,Received KB/sec,Sent KB/sec
Pre-loaded Data for Run Thread Group:Transaction Controller (Load Data of Attribute and Tags for Save Article),1,7,7,7,7,7,7,7,0.000%,125.00000,0.00,0.00
Pre-loaded Data for Run Thread Group:Transaction Controller (Load Data of Attribute and Tags for Paramteric Search 2),1,4,4,4,4,4,4,4,0.000%,250.00000,0.00,0.00
Pre-loaded Data for Run Thread Group:Transaction Controller (Load Data of Attribute and Tags for Paramteric Search 3),1,43,43,43,43,43,43,43,0.000%,23.25581,0.00,0.00
Process Thread Group:Login Controller - Open Application ,10,875,773,1087,1087,1257,687,1257,0.000%,1.70736,157.29,15.68
Process Thread Group:Transaction Controller - ParametricSearch 3 (Attribute and Tags) (case 4),10,11584,11483,12525,12525,13431,9882,13431,0.000%,.64205,46.86,4.52
TOTAL,23,5419,1087,12366,12525,13431,4,13431,0.000%,1.40604,100.94,9.92
