Label,# Samples,Average,Median,90% Line,95% Line,99% Line,Min,Max,Error %,Throughput,Received KB/sec,Sent KB/sec
Pre-loaded Data for Run Thread Group:Transaction Controller (Load Data of Attribute and Tags for Save Article),1,8,8,8,8,8,8,8,0.000%,125.00000,0.00,0.00
Pre-loaded Data for Run Thread Group:Transaction Controller (Load Data of Attribute and Tags for Paramteric Search 2),1,2,2,2,2,2,2,2,0.000%,333.33333,0.00,0.00
Pre-loaded Data for Run Thread Group:Transaction Controller (Load Data of Attribute and Tags for Paramteric Search 3),1,126,126,126,126,126,126,126,0.000%,7.93651,0.00,0.00
Process Thread Group:Login Controller - Open Application ,100,2440,1883,4186,6813,8080,640,9596,0.000%,2.62971,242.28,24.15
Process Thread Group:Transaction Controller - ParametricSearch 1 (taxonomy) (case 2),100,7359,6953,10458,12488,14714,2660,17866,0.000%,2.50407,189.88,9.38
TOTAL,203,4828,4057,9187,10458,14560,2,17866,0.000%,4.98661,412.59,31.76
