Label,# Samples,Average,Median,90% Line,95% Line,99% Line,Min,Max,Error %,Throughput,Received KB/sec,Sent KB/sec
Pre-loaded Data for Run Thread Group:Transaction Controller (Load Data of Attribute and Tags for Save Article),1,6,6,6,6,6,6,6,0.000%,125.00000,0.00,0.00
Pre-loaded Data for Run Thread Group:Transaction Controller (Load Data of Attribute and Tags for Paramteric Search 2),1,3,3,3,3,3,3,3,0.000%,333.33333,0.00,0.00
Pre-loaded Data for Run Thread Group:Transaction Controller (Load Data of Attribute and Tags for Paramteric Search 3),1,125,125,125,125,125,125,125,0.000%,8.00000,0.00,0.00
Process Thread Group:Login Controller - Open Application ,100,2151,2123,3609,4893,6931,651,7737,0.000%,2.94204,271.06,27.02
Process Thread Group:Transaction Controller - ParametricSearch 1 (taxonomy) (case 2),100,7294,7302,10674,12711,13699,3340,14394,0.000%,2.44385,185.31,9.15
TOTAL,203,4653,3944,9178,10674,13420,3,14394,0.000%,4.86088,402.18,30.96
