Label,# Samples,Average,Median,90% Line,95% Line,99% Line,Min,Max,Error %,Throughput,Received KB/sec,Sent KB/sec
Pre-loaded Data for Run Thread Group:Transaction Controller (Load Data of Attribute and Tags for Save Article),1,6,6,6,6,6,6,6,0.000%,142.85714,0.00,0.00
Pre-loaded Data for Run Thread Group:Transaction Controller (Load Data of Attribute and Tags for Paramteric Search 2),1,2,2,2,2,2,2,2,0.000%,333.33333,0.00,0.00
Pre-loaded Data for Run Thread Group:Transaction Controller (Load Data of Attribute and Tags for Paramteric Search 3),1,122,122,122,122,122,122,122,0.000%,8.19672,0.00,0.00
Process Thread Group:Login Controller - Open Application ,100,2469,1798,4650,6460,7605,663,9435,0.000%,2.67458,246.42,24.56
Process Thread Group:Transaction Controller - ParametricSearch 1 (taxonomy) (case 2),100,7435,6788,10737,12331,15128,2841,17569,0.000%,2.53569,192.29,9.50
TOTAL,203,4880,4446,9489,10737,13558,2,17569,0.000%,5.03660,416.74,32.08
