Label,# Samples,Average,Median,90% Line,95% Line,99% Line,Min,Max,Error %,Throughput,Received KB/sec,Sent KB/sec
Pre-loaded Data for Run Thread Group:Transaction Controller (Load Data of Attribute and Tags for Save Article),1,6,6,6,6,6,6,6,0.000%,142.85714,0.00,0.00
Pre-loaded Data for Run Thread Group:Transaction Controller (Load Data of Attribute and Tags for Paramteric Search 2),1,3,3,3,3,3,3,3,0.000%,250.00000,0.00,0.00
Pre-loaded Data for Run Thread Group:Transaction Controller (Load Data of Attribute and Tags for Paramteric Search 3),1,122,122,122,122,122,122,122,0.000%,8.19672,0.00,0.00
Process Thread Group:Login Controller - Open Application ,100,2346,1817,3830,4821,9264,679,15353,0.000%,2.56325,236.16,23.54
Process Thread Group:Transaction Controller - ParametricSearch 1 (taxonomy) (case 2),100,8607,7365,14060,15627,21353,2700,25212,0.000%,2.44153,185.14,9.15
TOTAL,203,5396,3994,12120,14380,20353,3,25212,0.000%,4.86437,402.48,30.98
