attr1,attr_torque,com.cs.config.interactor.entity.concrete.attribute.NumberAttribute,range,54,0,,com.cs.runtime.interactor.model.klassinstance.filter.FilterValueRangeModel
attr2,9edfeca8-40d6-4dc0-8b9d-e1bb37208e20,com.cs.config.interactor.entity.concrete.attribute.NumberAttribute,range,500,10,,com.cs.runtime.interactor.model.klassinstance.filter.FilterValueRangeModel
attr3,attr_number_of_wires_of_the_cable,com.cs.config.interactor.entity.concrete.attribute.NumberAttribute,range,20,0,,com.cs.runtime.interactor.model.klassinstance.filter.FilterValueRangeModel
attr4,attr_number_of_cycles_per_day,com.cs.config.interactor.entity.concrete.attribute.NumberAttribute,range,100,0,,com.cs.runtime.interactor.model.klassinstance.filter.FilterValueRangeModel
attr5,attr_number_of_channels,com.cs.config.interactor.entity.concrete.attribute.NumberAttribute,range,30,10,,com.cs.runtime.interactor.model.klassinstance.filter.FilterValueRangeModel
attr6,attr_number_of_batteries,com.cs.config.interactor.entity.concrete.attribute.NumberAttribute,range,10,0,,com.cs.runtime.interactor.model.klassinstance.filter.FilterValueRangeModel
attr7,attr_noise_level_according_to_somfy_measures,com.cs.config.interactor.entity.concrete.attribute.NumberAttribute,range,80,0,,com.cs.runtime.interactor.model.klassinstance.filter.FilterValueRangeModel
attr8,7f3dcb5b-d4cf-4fdd-815d-05c05010a2d9,com.cs.config.interactor.entity.concrete.attribute.NumberAttribute,range,300,0,,com.cs.runtime.interactor.model.klassinstance.filter.FilterValueRangeModel
attr9,attr_diameter,com.cs.config.interactor.entity.concrete.attribute.LengthAttribute,range,301,73,,com.cs.runtime.interactor.model.klassinstance.filter.FilterValueRangeModel
attr10,attr_diameter,com.cs.config.interactor.entity.concrete.attribute.LengthAttribute,range,73,51,,com.cs.runtime.interactor.model.klassinstance.filter.FilterValueRangeModel
attr11,attr_diameter,com.cs.config.interactor.entity.concrete.attribute.LengthAttribute,range,51,29,,com.cs.runtime.interactor.model.klassinstance.filter.FilterValueRangeModel
attr12,attr_diameter,com.cs.config.interactor.entity.concrete.attribute.LengthAttribute,range,29,25,,com.cs.runtime.interactor.model.klassinstance.filter.FilterValueRangeModel
attr13,attr_asset_author,com.cs.config.interactor.entity.concrete.attribute.TextAttribute,exact,,,Sample_Text_Value_1,com.cs.runtime.interactor.model.klassinstance.filter.FilterValueMatchModel
attr14,attr_autonomy,com.cs.config.interactor.entity.concrete.attribute.TextAttribute,exact,,,Sample_Text_Value_1,com.cs.runtime.interactor.model.klassinstance.filter.FilterValueMatchModel
attr15,attr_cable_length,com.cs.config.interactor.entity.concrete.attribute.TextAttribute,exact,,,Sample_Text_Value_1,com.cs.runtime.interactor.model.klassinstance.filter.FilterValueMatchModel
attr16,attr_comments,com.cs.config.interactor.entity.concrete.attribute.TextAttribute,exact,,,Sample_Text_Value_1,com.cs.runtime.interactor.model.klassinstance.filter.FilterValueMatchModel
attr17,attr_name,com.cs.config.interactor.entity.concrete.attribute.TextAttribute,exact,,,Sample_Text_Value_1,com.cs.runtime.interactor.model.klassinstance.filter.FilterValueMatchModel
attr18,attr_distance_between_centers,com.cs.config.interactor.entity.concrete.attribute.LengthAttribute,range,10,0,,com.cs.runtime.interactor.model.klassinstance.filter.FilterValueRangeModel
attr19,attr_end_product_height,com.cs.config.interactor.entity.concrete.attribute.LengthAttribute,range,31,0,,com.cs.runtime.interactor.model.klassinstance.filter.FilterValueRangeModel
attr20,attr_end_product_weight,com.cs.config.interactor.entity.concrete.attribute.LengthAttribute,range,41,0,,com.cs.runtime.interactor.model.klassinstance.filter.FilterValueRangeModel