Label,# Samples,Average,Median,90% Line,95% Line,99% Line,Min,Max,Error %,Throughput,Received KB/sec,Sent KB/sec
Pre-loaded Data for Run Thread Group:Transaction Controller (Load Data of Attribute and Tags for Save Article),1,10,10,10,10,10,10,10,0.000%,83.33333,0.00,0.00
Pre-loaded Data for Run Thread Group:Transaction Controller (Load Data of Attribute and Tags for Paramteric Search 2),1,6,6,6,6,6,6,6,0.000%,125.00000,0.00,0.00
Process Thread Group:Login Controller - Open Application ,1,162,162,162,162,162,162,162,0.000%,6.13497,7.05,8.58
Process Thread Group:Transaction Controller - ParametricSearch 2 (Attribute and Tags) (case 3),1,2461,2461,2461,2461,2461,2461,2461,0.000%,.40634,45.78,1.40
TOTAL,4,659,10,2461,2461,2461,6,2461,0.000%,1.51630,43.15,1.83
