Label,# Samples,Average,Median,90% Line,95% Line,99% Line,Min,Max,Error %,Throughput,Received KB/sec,Sent KB/sec
Pre-loaded Data for Run Thread Group:Transaction Controller (Load Data of Attribute and Tags for Save Article),1,17,17,17,17,17,17,17,0.000%,55.55556,0.00,0.00
Pre-loaded Data for Run Thread Group:Transaction Controller (Load Data of Attribute and Tags for Paramteric Search 2),1,7,7,7,7,7,7,7,0.000%,142.85714,0.00,0.00
Process Thread Group:Login Controller - Open Application ,1,169,169,169,169,169,169,169,0.000%,5.84795,6.72,8.18
Process Thread Group:Transaction Controller - ParametricSearch 2 (Attribute and Tags) (case 3),1,2624,2624,2624,2624,2624,2624,2624,0.000%,.38052,42.86,1.31
TOTAL,4,704,17,2624,2624,2624,7,2624,0.000%,1.42045,40.41,1.72
