Label,# Samples,Average,Median,90% Line,95% Line,99% Line,Min,Max,Error %,Throughput,Received KB/sec,Sent KB/sec
Pre-loaded Data for Run Thread Group:Transaction Controller (Load Data of Attribute and Tags for Save Article),1,11,11,11,11,11,11,11,0.000%,90.90909,0.00,0.00
Pre-loaded Data for Run Thread Group:Transaction Controller (Load Data of Attribute and Tags for Paramteric Search 2),1,7,7,7,7,7,7,7,0.000%,142.85714,0.00,0.00
Process Thread Group:Login Controller - Open Application ,1,160,160,160,160,160,160,160,0.000%,6.25000,7.18,8.74
Process Thread Group:Transaction Controller - ParametricSearch 2 (Attribute and Tags) (case 3),1,2541,2541,2541,2541,2541,2541,2541,0.000%,.39324,44.31,1.35
TOTAL,4,679,11,2541,2541,2541,7,2541,0.000%,1.47221,41.89,1.78
