Label,# Samples,Average,Median,90% Line,95% Line,99% Line,Min,Max,Error %,Throughput,Received KB/sec,Sent KB/sec
Pre-loaded Data for Run Thread Group:Transaction Controller (Load Data of Attribute and Tags for Save Article),1,8,8,8,8,8,8,8,0.000%,125.00000,0.00,0.00
Pre-loaded Data for Run Thread Group:Transaction Controller (Load Data of Attribute and Tags for Paramteric Search 2),1,2,2,2,2,2,2,2,0.000%,333.33333,0.00,0.00
Pre-loaded Data for Run Thread Group:Transaction Controller (Load Data of Attribute and Tags for Paramteric Search 3),1,42,42,42,42,42,42,42,0.000%,23.80952,0.00,0.00
Process Thread Group:Login Controller - Open Application ,10,847,832,990,990,1091,654,1091,0.000%,1.75685,161.84,16.13
Process Thread Group:Transaction Controller - ParametricSearch 2 (Attribute and Tags) (case 3),10,7295,6499,9538,9538,10465,6015,10465,0.000%,.86378,120.01,2.89
TOTAL,23,3542,990,7807,9538,10465,2,10465,0.000%,1.86764,187.62,10.18
