Label,# Samples,Average,Median,90% Line,95% Line,99% Line,Min,Max,Error %,Throughput,Received KB/sec,Sent KB/sec
Pre-loaded Data for Run Thread Group:Transaction Controller (Load Data of Attribute and Tags for Save Article),1,6,6,6,6,6,6,6,0.000%,142.85714,0.00,0.00
Pre-loaded Data for Run Thread Group:Transaction Controller (Load Data of Attribute and Tags for Paramteric Search 2),1,2,2,2,2,2,2,2,0.000%,333.33333,0.00,0.00
Pre-loaded Data for Run Thread Group:Transaction Controller (Load Data of Attribute and Tags for Paramteric Search 3),1,40,40,40,40,40,40,40,0.000%,25.00000,0.00,0.00
Process Thread Group:Login Controller - Open Application ,10,856,787,938,938,1329,674,1329,0.000%,1.68520,155.26,15.47
Process Thread Group:Transaction Controller - ParametricSearch 2 (Attribute and Tags) (case 3),10,6789,6727,7083,7083,7389,6176,7389,0.000%,.87920,122.15,2.95
TOTAL,23,3326,938,7049,7083,7389,2,7389,0.000%,1.89613,190.49,10.33
