Label,# Samples,Average,Median,90% Line,95% Line,99% Line,Min,Max,Error %,Throughput,Received KB/sec,Sent KB/sec
Pre-loaded Data for Run Thread Group:Transaction Controller (Load Data of Attribute and Tags for Save Article),1,7,7,7,7,7,7,7,0.000%,142.85714,0.00,0.00
Pre-loaded Data for Run Thread Group:Transaction Controller (Load Data of Attribute and Tags for Paramteric Search 2),1,2,2,2,2,2,2,2,0.000%,333.33333,0.00,0.00
Pre-loaded Data for Run Thread Group:Transaction Controller (Load Data of Attribute and Tags for Paramteric Search 3),1,36,36,36,36,36,36,36,0.000%,27.77778,0.00,0.00
Process Thread Group:Login Controller - Open Application ,10,901,870,1084,1084,1424,699,1424,0.000%,1.66085,153.02,15.25
Process Thread Group:Transaction Controller - ParametricSearch 2 (Attribute and Tags) (case 3),10,6838,6919,7179,7179,7434,5917,7434,0.000%,.89278,124.05,2.99
TOTAL,23,3367,1084,7137,7179,7434,2,7434,0.000%,1.92356,193.26,10.48
