Label,# Samples,Average,Median,90% Line,95% Line,99% Line,Min,Max,Error %,Throughput,Received KB/sec,Sent KB/sec
Pre-loaded Data for Run Thread Group:Transaction Controller (Load Data of Attribute and Tags for Save Article),1,7,7,7,7,7,7,7,0.000%,142.85714,0.00,0.00
Pre-loaded Data for Run Thread Group:Transaction Controller (Load Data of Attribute and Tags for Paramteric Search 2),1,3,3,3,3,3,3,3,0.000%,333.33333,0.00,0.00
Pre-loaded Data for Run Thread Group:Transaction Controller (Load Data of Attribute and Tags for Paramteric Search 3),1,43,43,43,43,43,43,43,0.000%,23.25581,0.00,0.00
Process Thread Group:Login Controller - Open Application ,10,857,834,971,971,1254,688,1254,0.000%,1.70882,157.43,15.69
Process Thread Group:Transaction Controller - ParametricSearch 2 (Attribute and Tags) (case 3),10,7133,6840,7457,7457,9253,6289,9253,0.000%,.79904,111.01,2.68
TOTAL,23,3476,971,7393,7457,9253,3,9253,0.000%,1.73402,174.20,9.45
