Label,# Samples,Average,Median,90% Line,95% Line,99% Line,Min,Max,Error %,Throughput,Received KB/sec,Sent KB/sec
Pre-loaded Data for Run Thread Group:Transaction Controller (Load Data of Attribute and Tags for Save Article),1,12,12,12,12,12,12,12,0.000%,83.33333,0.00,0.00
Pre-loaded Data for Run Thread Group:Transaction Controller (Load Data of Attribute and Tags for Paramteric Search 2),1,5,5,5,5,5,5,5,0.000%,142.85714,0.00,0.00
Process Thread Group:Login Controller - Open Application ,1,129,129,129,129,129,129,129,0.000%,7.63359,8.77,10.68
Process Thread Group:Transaction Controller - ParametricSearch 2 (Attribute and Tags) (case 3),1,2413,2413,2413,2413,2413,2413,2413,0.000%,.41425,46.66,1.42
TOTAL,4,639,12,2413,2413,2413,5,2413,0.000%,1.55945,44.36,1.89
