Label,# Samples,Average,Median,90% Line,95% Line,99% Line,Min,Max,Error %,Throughput,Received KB/sec,Sent KB/sec
Pre-loaded Data for Run Thread Group:Transaction Controller (Load Data of Attribute and Tags for Save Article),1,8,8,8,8,8,8,8,0.000%,125.00000,0.00,0.00
Process Thread Group:Login Controller - Open Application ,1,177,177,177,177,177,177,177,0.000%,5.64972,6.49,7.90
Process Thread Group:Transaction Controller - Article Export EXCEL(case 7),1,922,922,922,922,922,922,922,0.000%,1.08108,1.01,6.20
TOTAL,3,369,177,922,922,922,8,922,0.000%,2.66430,1.85,6.34
