Label,# Samples,Average,Median,90% Line,95% Line,99% Line,Min,Max,Error %,Throughput,Received KB/sec,Sent KB/sec
Pre-loaded Data for Run Thread Group:Transaction Controller (Load Data of Attribute and Tags for Save Article),1,6,6,6,6,6,6,6,0.000%,142.85714,0.00,0.00
Process Thread Group:Login Controller - Open Application ,1,162,162,162,162,162,162,162,0.000%,6.17284,7.10,8.63
Process Thread Group:Transaction Controller - Article Export EXCEL(case 7),1,663,663,663,663,663,663,663,0.000%,1.50150,1.41,8.61
TOTAL,3,277,162,663,663,663,6,663,0.000%,3.51700,2.45,8.36
