Label,# Samples,Average,Median,90% Line,95% Line,99% Line,Min,Max,Error %,Throughput,Received KB/sec,Sent KB/sec
Pre-loaded Data for Run Thread Group:Transaction Controller (Load Data of Attribute and Tags for Save Article),1,7,7,7,7,7,7,7,0.000%,125.00000,0.00,0.00
Process Thread Group:Login Controller - Open Application ,1,164,164,164,164,164,164,164,0.000%,6.09756,7.01,8.53
Process Thread Group:Transaction Controller - Article Export EXCEL(case 7),1,973,973,973,973,973,973,973,0.000%,1.02249,0.96,5.86
TOTAL,3,381,164,973,973,973,7,973,0.000%,2.56630,1.79,6.10
