Label,# Samples,Average,Median,90% Line,95% Line,99% Line,Min,Max,Error %,Throughput,Received KB/sec,Sent KB/sec
Pre-loaded Data for Run Thread Group:Transaction Controller (Load Data of Attribute and Tags for Save Article),1,7,7,7,7,7,7,7,0.000%,142.85714,0.00,0.00
Process Thread Group:Login Controller - Open Application ,1,164,164,164,164,164,164,164,0.000%,6.06061,6.97,8.48
Process Thread Group:Transaction Controller - Assign 1 article to 100 articles (full fledged relationship with additional attributes) (case 6),1,71175,71175,71175,71175,71175,71175,71175,0.000%,.01405,6.81,0.38
TOTAL,3,23782,164,71175,71175,71175,7,71175,0.000%,.04203,6.81,0.40
