Label,# Samples,Average,Median,90% Line,95% Line,99% Line,Min,Max,Error %,Throughput,Received KB/sec,Sent KB/sec
Pre-loaded Data for Run Thread Group:Transaction Controller (Load Data of Attribute and Tags for Save Article),1,6,6,6,6,6,6,6,0.000%,142.85714,0.00,0.00
Process Thread Group:Login Controller - Open Application ,1,145,145,145,145,145,145,145,0.000%,6.89655,7.93,9.64
Process Thread Group:Transaction Controller - Assign 1 article to 100 articles (full fledged relationship with additional attributes) (case 6),1,78476,78476,78476,78476,78476,78476,78476,0.000%,.01274,6.18,0.34
TOTAL,3,26209,145,78476,78476,78476,6,78476,0.000%,.03814,6.18,0.36
