Label,# Samples,Average,Median,90% Line,95% Line,99% Line,Min,Max,Error %,Throughput,Received KB/sec,Sent KB/sec
Pre-loaded Data for Run Thread Group:Transaction Controller (Load Data of Attribute and Tags for Save Article),1,5,5,5,5,5,5,5,0.000%,166.66667,0.00,0.00
Process Thread Group:Login Controller - Open Application ,1,174,174,174,174,174,174,174,0.000%,5.74713,6.61,8.04
Process Thread Group:Transaction Controller - Assign 1 article to 100 articles (full fledged relationship with additional attributes) (case 6),1,71126,71126,71126,71126,71126,71126,71126,0.000%,.01406,6.81,0.38
TOTAL,3,23768,174,71126,71126,71126,5,71126,0.000%,.04205,6.81,0.40
