Label,# Samples,Average,Median,90% Line,95% Line,99% Line,Min,Max,Error %,Throughput,Received KB/sec,Sent KB/sec
Pre-loaded Data for Run Thread Group:Transaction Controller (Load Data of Attribute and Tags for Save Article),1,6,6,6,6,6,6,6,0.000%,142.85714,0.00,0.00
Process Thread Group:Login Controller - Open Application ,1,169,169,169,169,169,169,169,0.000%,5.91716,6.80,8.27
Process Thread Group:Transaction Controller - Assign 1 article to 100 articles (full fledged relationship with additional attributes) (case 6),1,71792,71792,71792,71792,71792,71792,71792,0.000%,.01393,6.75,0.38
TOTAL,3,23989,169,71792,71792,71792,6,71792,0.000%,.04167,6.75,0.40
