Label,# Samples,Average,Median,90% Line,95% Line,99% Line,Min,Max,Error %,Throughput,Received KB/sec,Sent KB/sec
Process Thread Group:Login Controller - Open Application ,100,131,132,147,151,154,113,155,0.000%,71.73601,55.48,60.18
Process Thread Group:Switch To MxM Module,100,4,4,6,7,9,2,9,0.000%,79.17656,99.78,45.16
Process Thread Group:Open Dashboard,100,4,4,7,8,10,2,10,0.000%,79.23930,40.54,45.35
Process Thread Group:OpenDashboardTab,100,28,28,34,36,37,22,38,0.000%,78.18608,1879.92,44.13
TOTAL,400,42,10,134,141,151,2,155,0.000%,281.09628,1868.55,178.91
