Label,# Samples,Average,Median,90% Line,95% Line,99% Line,Min,Max,Error %,Throughput,Received KB/sec,Sent KB/sec
Process Thread Group:Login Controller - Open Application ,100,133,134,149,154,163,113,174,0.000%,70.07708,54.20,58.79
Process Thread Group:Switch To MxM Module,100,4,4,8,9,12,3,12,0.000%,78.74016,99.21,44.91
Process Thread Group:Open Dashboard,100,4,4,7,8,11,3,15,0.000%,79.05138,40.44,45.24
Process Thread Group:OpenDashboardTab,100,28,28,34,36,38,22,39,0.000%,77.82101,1870.95,43.93
TOTAL,400,42,15,136,141,155,3,174,0.000%,273.78508,1819.76,174.26
