Label,# Samples,Average,Median,90% Line,95% Line,99% Line,Min,Max,Error %,Throughput,Received KB/sec,Sent KB/sec
Process Thread Group:Login Controller - Open Application ,100,135,135,151,153,156,116,172,0.000%,71.27584,55.13,59.79
Process Thread Group:Switch To MxM Module,100,4,4,8,8,10,3,11,0.000%,79.80846,100.58,45.52
Process Thread Group:Open Dashboard,100,4,4,7,8,10,3,12,0.000%,80.12821,40.99,45.85
Process Thread Group:OpenDashboardTab,100,28,28,33,36,39,21,39,0.000%,78.86435,1895.81,44.52
TOTAL,400,43,12,138,146,154,3,172,0.000%,278.74564,1852.55,177.41
