Label,# Samples,Average,Median,90% Line,95% Line,99% Line,Min,Max,Error %,Throughput,Received KB/sec,Sent KB/sec
Process Thread Group:Login Controller - Open Application ,100,161,135,158,396,438,112,440,0.000%,59.24171,45.82,49.70
Process Thread Group:Switch To MxM Module,100,4,4,6,9,14,3,17,0.000%,64.14368,80.83,36.58
Process Thread Group:Open Dashboard,100,4,4,7,8,10,2,12,0.000%,64.18485,32.84,36.73
Process Thread Group:OpenDashboardTab,100,38,29,34,38,286,21,300,0.000%,63.17119,1518.41,35.66
TOTAL,400,52,17,139,149,407,2,440,0.000%,231.74971,1540.07,147.50
