Label,# Samples,Average,Median,90% Line,95% Line,99% Line,Min,Max,Error %,Throughput,Received KB/sec,Sent KB/sec
Process Thread Group:Login Controller - Open Application ,1,156,156,156,156,156,156,156,0.000%,6.32911,5.07,5.31
Process Thread Group:Switch To MxM Module,1,7,7,7,7,7,7,7,0.000%,142.85714,179.83,81.47
Process Thread Group:Open Dashboard,1,7,7,7,7,7,7,7,0.000%,142.85714,72.68,81.75
Process Thread Group:OpenDashboardTab,1,39,39,39,39,39,39,39,0.000%,25.64103,614.71,14.47
TOTAL,4,52,7,156,156,156,7,156,0.000%,18.77934,124.61,11.95
