Label,# Samples,Average,Median,90% Line,95% Line,99% Line,Min,Max,Error %,Throughput,Received KB/sec,Sent KB/sec
Process Thread Group:Login Controller - Open Application ,1,140,140,140,140,140,140,140,0.000%,7.09220,5.69,5.95
Process Thread Group:Switch To MxM Module,1,9,9,9,9,9,9,9,0.000%,111.11111,139.87,63.37
Process Thread Group:Open Dashboard,1,7,7,7,7,7,7,7,0.000%,142.85714,72.68,81.75
Process Thread Group:OpenDashboardTab,1,33,33,33,33,33,33,33,0.000%,30.30303,726.47,17.10
TOTAL,4,47,9,140,140,140,7,140,0.000%,20.72539,137.53,13.19
