Label,# Samples,Average,Median,90% Line,95% Line,99% Line,Min,Max,Error %,Throughput,Received KB/sec,Sent KB/sec
Process Thread Group:Login Controller - Open Application ,1,181,181,181,181,181,181,181,0.000%,5.46448,4.38,4.58
Process Thread Group:Switch To MxM Module,1,6,6,6,6,6,6,6,0.000%,166.66667,209.80,95.05
Process Thread Group:Open Dashboard,1,6,6,6,6,6,6,6,0.000%,166.66667,84.80,95.38
Process Thread Group:OpenDashboardTab,1,38,38,38,38,38,38,38,0.000%,26.31579,631.09,14.85
TOTAL,4,57,6,181,181,181,6,181,0.000%,17.09402,113.46,10.88
