Label,# Samples,Average,Median,90% Line,95% Line,99% Line,Min,Max,Error %,Throughput,Received KB/sec,Sent KB/sec
Process Thread Group:Login Controller - Open Application ,1,175,175,175,175,175,175,175,0.000%,5.68182,4.56,4.77
Process Thread Group:Switch To MxM Module,1,6,6,6,6,6,6,6,0.000%,166.66667,209.80,95.05
Process Thread Group:Open Dashboard,1,7,7,7,7,7,7,7,0.000%,142.85714,72.68,81.75
Process Thread Group:OpenDashboardTab,1,38,38,38,38,38,38,38,0.000%,26.31579,630.89,14.85
TOTAL,4,56,7,175,175,175,6,175,0.000%,17.39130,115.40,11.07
