Label,# Samples,Average,Median,90% Line,95% Line,99% Line,Min,Max,Error %,Throughput,Received KB/sec,Sent KB/sec
Process Thread Group:Login Controller - Open Application ,1,189,189,189,189,189,189,189,0.000%,4.78469,3.84,4.01
Process Thread Group:Switch To MxM Module,1,7,7,7,7,7,7,7,0.000%,142.85714,179.83,81.47
Process Thread Group:Open Dashboard,1,6,6,6,6,6,6,6,0.000%,166.66667,84.80,95.38
Process Thread Group:OpenDashboardTab,1,31,31,31,31,31,31,31,0.000%,32.25806,773.60,18.21
TOTAL,4,58,7,189,189,189,6,189,0.000%,15.68627,104.12,9.98
