Label,# Samples,Average,Median,90% Line,95% Line,99% Line,Min,Max,Error %,Throughput,Received KB/sec,Sent KB/sec
Pre-loaded Data for Run Thread Group:Transaction Controller (Load Data of Attribute and Tags for Save Article),1,6,6,6,6,6,6,6,0.000%,125.00000,0.00,0.00
Pre-loaded Data for Run Thread Group:Transaction Controller (Load Data of Attribute and Tags for Paramteric Search 2),1,3,3,3,3,3,3,3,0.000%,333.33333,0.00,0.00
Pre-loaded Data for Run Thread Group:Transaction Controller (Load Data of Attribute and Tags for Paramteric Search 3),1,94,94,94,94,94,94,94,0.000%,10.63830,0.00,0.00
Process Thread Group:Login Controller - Open Application ,50,16709,12545,33249,48766,176435,633,176435,0.000%,.27054,24.92,2.48
Process Thread Group:Transaction Controller - Simple Search (case 1),50,181775,179731,226095,230116,232445,47658,232445,0.000%,.21410,37.25,0.48
TOTAL,103,96352,72094,215874,226095,232001,3,232445,0.000%,.43967,56.79,2.44
