Label,# Samples,Average,Median,90% Line,95% Line,99% Line,Min,Max,Error %,Throughput,Received KB/sec,Sent KB/sec
Pre-loaded Data for Run Thread Group:Transaction Controller (Load Data of Attribute and Tags for Save Article),1,8,8,8,8,8,8,8,0.000%,111.11111,0.00,0.00
Pre-loaded Data for Run Thread Group:Transaction Controller (Load Data of Attribute and Tags for Paramteric Search 2),1,4,4,4,4,4,4,4,0.000%,200.00000,0.00,0.00
Pre-loaded Data for Run Thread Group:Transaction Controller (Load Data of Attribute and Tags for Paramteric Search 3),1,91,91,91,91,91,91,91,0.000%,10.98901,0.00,0.00
Process Thread Group:Login Controller - Open Application ,50,14704,14848,16963,55887,66762,676,66762,0.000%,.67039,61.76,6.16
Process Thread Group:Transaction Controller - Simple Search (case 1),50,166383,166098,205144,205891,209449,113094,209449,0.000%,.21750,37.84,0.48
TOTAL,103,87907,66283,192081,205144,209155,4,209449,0.000%,.44660,57.69,2.47
