Label,# Samples,Average,Median,90% Line,95% Line,99% Line,Min,Max,Error %,Throughput,Received KB/sec,Sent KB/sec
Pre-loaded Data for Run Thread Group:Transaction Controller (Load Data of Attribute and Tags for Save Article),1,8,8,8,8,8,8,8,0.000%,125.00000,0.00,0.00
Pre-loaded Data for Run Thread Group:Transaction Controller (Load Data of Attribute and Tags for Paramteric Search 2),1,3,3,3,3,3,3,3,0.000%,333.33333,0.00,0.00
Pre-loaded Data for Run Thread Group:Transaction Controller (Load Data of Attribute and Tags for Paramteric Search 3),1,85,85,85,85,85,85,85,0.000%,11.76471,0.00,0.00
Process Thread Group:Login Controller - Open Application ,50,20507,13215,30776,55975,162748,680,162748,0.000%,.29642,27.31,2.72
Process Thread Group:Transaction Controller - Simple Search (case 1),50,160926,156726,202872,207010,219669,42254,219669,0.000%,.21127,36.75,0.47
TOTAL,103,88075,78515,193036,202872,213562,3,219669,0.000%,.43382,56.03,2.40
