Label,# Samples,Average,Median,90% Line,95% Line,99% Line,Min,Max,Error %,Throughput,Received KB/sec,Sent KB/sec
Pre-loaded Data for Run Thread Group:Transaction Controller (Load Data of Attribute and Tags for Save Article),1,6,6,6,6,6,6,6,0.000%,142.85714,0.00,0.00
Pre-loaded Data for Run Thread Group:Transaction Controller (Load Data of Attribute and Tags for Paramteric Search 2),1,4,4,4,4,4,4,4,0.000%,250.00000,0.00,0.00
Pre-loaded Data for Run Thread Group:Transaction Controller (Load Data of Attribute and Tags for Paramteric Search 3),1,89,89,89,89,89,89,89,0.000%,11.23596,0.00,0.00
Process Thread Group:Login Controller - Open Application ,50,17597,16834,19688,67727,131582,676,131582,0.000%,.35335,32.55,3.24
Process Thread Group:Transaction Controller - Simple Search (case 1),50,170930,170855,195378,197460,210113,82102,210113,0.000%,.22431,39.02,0.50
TOTAL,103,91519,79777,183575,195378,204443,4,210113,0.000%,.46027,59.45,2.55
