Label,# Samples,Average,Median,90% Line,95% Line,99% Line,Min,Max,Error %,Throughput,Received KB/sec,Sent KB/sec
Pre-loaded Data for Run Thread Group:Transaction Controller (Load Data of Attribute and Tags for Save Article),1,6,6,6,6,6,6,6,0.000%,142.85714,0.00,0.00
Pre-loaded Data for Run Thread Group:Transaction Controller (Load Data of Attribute and Tags for Paramteric Search 2),1,3,3,3,3,3,3,3,0.000%,333.33333,0.00,0.00
Pre-loaded Data for Run Thread Group:Transaction Controller (Load Data of Attribute and Tags for Paramteric Search 3),1,140,140,140,140,140,140,140,0.000%,7.14286,0.00,0.00
Process Thread Group:Login Controller - Open Application ,100,21241,13964,57054,61349,74815,586,80966,0.000%,.95561,88.04,8.78
Process Thread Group:Transaction Controller - ParametricSearch 3 (Attribute and Tags) (case 4),100,44281,47879,65515,70099,74938,6838,88839,0.000%,.88626,62.97,6.24
TOTAL,203,32278,28046,63189,68725,74938,3,88839,0.000%,1.78803,143.73,14.29
