Label,# Samples,Average,Median,90% Line,95% Line,99% Line,Min,Max,Error %,Throughput,Received KB/sec,Sent KB/sec
Pre-loaded Data for Run Thread Group:Transaction Controller (Load Data of Attribute and Tags for Save Article),1,7,7,7,7,7,7,7,0.000%,142.85714,0.00,0.00
Pre-loaded Data for Run Thread Group:Transaction Controller (Load Data of Attribute and Tags for Paramteric Search 2),1,3,3,3,3,3,3,3,0.000%,333.33333,0.00,0.00
Pre-loaded Data for Run Thread Group:Transaction Controller (Load Data of Attribute and Tags for Paramteric Search 3),1,130,130,130,130,130,130,130,0.000%,7.69231,0.00,0.00
Process Thread Group:Login Controller - Open Application ,100,22469,14770,54075,57566,69213,614,82308,0.000%,.95527,88.01,8.77
Process Thread Group:Transaction Controller - ParametricSearch 3 (Attribute and Tags) (case 4),100,42907,39650,68108,80792,87575,6694,99779,0.000%,.90379,64.21,6.37
TOTAL,203,32206,31536,63006,70937,87533,3,99779,0.000%,1.82241,146.49,14.57
