Label,# Samples,Average,Median,90% Line,95% Line,99% Line,Min,Max,Error %,Throughput,Received KB/sec,Sent KB/sec
Pre-loaded Data for Run Thread Group:Transaction Controller (Load Data of Attribute and Tags for Save Article),1,6,6,6,6,6,6,6,0.000%,142.85714,0.00,0.00
Pre-loaded Data for Run Thread Group:Transaction Controller (Load Data of Attribute and Tags for Paramteric Search 2),1,3,3,3,3,3,3,3,0.000%,333.33333,0.00,0.00
Pre-loaded Data for Run Thread Group:Transaction Controller (Load Data of Attribute and Tags for Paramteric Search 3),1,129,129,129,129,129,129,129,0.000%,7.75194,0.00,0.00
Process Thread Group:Login Controller - Open Application ,100,23351,19528,59141,62415,78302,590,81752,0.000%,.94086,86.68,8.64
Process Thread Group:Transaction Controller - ParametricSearch 3 (Attribute and Tags) (case 4),100,38959,36899,62652,68792,70973,6325,77985,0.000%,.89401,63.52,6.30
TOTAL,203,30695,31553,60565,68372,77985,3,81752,0.000%,1.80243,144.89,14.41
