Label,# Samples,Average,Median,90% Line,95% Line,99% Line,Min,Max,Error %,Throughput,Received KB/sec,Sent KB/sec
Pre-loaded Data for Run Thread Group:Transaction Controller (Load Data of Attribute and Tags for Save Article),1,6,6,6,6,6,6,6,0.000%,142.85714,0.00,0.00
Pre-loaded Data for Run Thread Group:Transaction Controller (Load Data of Attribute and Tags for Paramteric Search 2),1,2,2,2,2,2,2,2,0.000%,333.33333,0.00,0.00
Pre-loaded Data for Run Thread Group:Transaction Controller (Load Data of Attribute and Tags for Paramteric Search 3),1,138,138,138,138,138,138,138,0.000%,7.24638,0.00,0.00
Process Thread Group:Login Controller - Open Application ,100,20589,13891,48991,58873,66274,580,72039,0.000%,1.07810,99.33,9.90
Process Thread Group:Transaction Controller - ParametricSearch 3 (Attribute and Tags) (case 4),100,43993,41108,69485,77673,86075,8492,89376,0.000%,.90729,64.46,6.39
TOTAL,203,31814,29605,63061,70744,84304,2,89376,0.000%,1.82883,147.01,14.62
