Label,# Samples,Average,Median,90% Line,95% Line,99% Line,Min,Max,Error %,Throughput,Received KB/sec,Sent KB/sec
Pre-loaded Data for Run Thread Group:Transaction Controller (Load Data of Attribute and Tags for Save Article),1,8,8,8,8,8,8,8,0.000%,125.00000,0.00,0.00
Pre-loaded Data for Run Thread Group:Transaction Controller (Load Data of Attribute and Tags for Paramteric Search 2),1,3,3,3,3,3,3,3,0.000%,333.33333,0.00,0.00
Pre-loaded Data for Run Thread Group:Transaction Controller (Load Data of Attribute and Tags for Paramteric Search 3),1,51,51,51,51,51,51,51,0.000%,19.60784,0.00,0.00
Process Thread Group:Login Controller - Open Application ,10,2311,858,2871,2871,11632,717,11632,0.000%,.78995,72.78,7.25
Process Thread Group:Transaction Controller - Simple Search (case 1),10,38930,34316,50643,50643,50880,28089,50880,0.000%,.18996,33.48,0.42
TOTAL,23,17933,2871,46415,50643,50880,3,50880,0.000%,.43061,50.24,2.14
