Label,# Samples,Average,Median,90% Line,95% Line,99% Line,Min,Max,Error %,Throughput,Received KB/sec,Sent KB/sec
Pre-loaded Data for Run Thread Group:Transaction Controller (Load Data of Attribute and Tags for Save Article),1,6,6,6,6,6,6,6,0.000%,142.85714,0.00,0.00
Pre-loaded Data for Run Thread Group:Transaction Controller (Load Data of Attribute and Tags for Paramteric Search 2),1,4,4,4,4,4,4,4,0.000%,250.00000,0.00,0.00
Pre-loaded Data for Run Thread Group:Transaction Controller (Load Data of Attribute and Tags for Paramteric Search 3),1,74,74,74,74,74,74,74,0.000%,13.51351,0.00,0.00
Process Thread Group:Login Controller - Open Application ,10,1313,875,2228,2228,2793,689,2793,0.000%,1.35135,124.51,12.41
Process Thread Group:Transaction Controller - Simple Search (case 1),10,41199,39624,44798,44798,48890,36826,48890,0.000%,.20174,35.55,0.45
TOTAL,23,18487,2228,44623,44798,48890,4,48890,0.000%,.45714,53.34,2.27
