Label,# Samples,Average,Median,90% Line,95% Line,99% Line,Min,Max,Error %,Throughput,Received KB/sec,Sent KB/sec
Pre-loaded Data for Run Thread Group:Transaction Controller (Load Data of Attribute and Tags for Save Article),1,12,12,12,12,12,12,12,0.000%,76.92308,0.00,0.00
Pre-loaded Data for Run Thread Group:Transaction Controller (Load Data of Attribute and Tags for Paramteric Search 2),1,5,5,5,5,5,5,5,0.000%,142.85714,0.00,0.00
Pre-loaded Data for Run Thread Group:Transaction Controller (Load Data of Attribute and Tags for Paramteric Search 3),1,49,49,49,49,49,49,49,0.000%,20.40816,0.00,0.00
Process Thread Group:Login Controller - Open Application ,20,9586,3276,8264,53205,73601,694,73601,0.000%,.22540,20.30,2.07
Process Thread Group:Transaction Controller - Simple Search (case 1),20,51645,54057,65644,73992,77422,14801,77422,0.000%,.19458,33.38,0.43
TOTAL,43,28481,14801,60474,73601,77422,5,77422,0.000%,.41525,50.53,2.20
