Label,# Samples,Average,Median,90% Line,95% Line,99% Line,Min,Max,Error %,Throughput,Received KB/sec,Sent KB/sec
Pre-loaded Data for Run Thread Group:Transaction Controller (Load Data of Attribute and Tags for Save Article),1,13,13,13,13,13,13,13,0.000%,62.50000,0.00,0.00
Pre-loaded Data for Run Thread Group:Transaction Controller (Load Data of Attribute and Tags for Paramteric Search 2),1,8,8,8,8,8,8,8,0.000%,125.00000,0.00,0.00
Pre-loaded Data for Run Thread Group:Transaction Controller (Load Data of Attribute and Tags for Paramteric Search 3),1,52,52,52,52,52,52,52,0.000%,19.23077,0.00,0.00
Process Thread Group:Login Controller - Open Application ,20,8757,2068,22897,23635,52604,699,52604,0.000%,.27108,24.42,2.49
Process Thread Group:Transaction Controller - Simple Search (case 1),20,47920,44934,63054,71258,81773,22884,81773,0.000%,.20162,34.59,0.45
TOTAL,43,26363,22897,57339,63054,81773,8,81773,0.000%,.43032,52.37,2.28
