Label,# Samples,Average,Median,90% Line,95% Line,99% Line,Min,Max,Error %,Throughput,Received KB/sec,Sent KB/sec
Pre-loaded Data for Run Thread Group:Transaction Controller (Load Data of Attribute and Tags for Save Article),1,6,6,6,6,6,6,6,0.000%,125.00000,0.00,0.00
Pre-loaded Data for Run Thread Group:Transaction Controller (Load Data of Attribute and Tags for Paramteric Search 2),1,3,3,3,3,3,3,3,0.000%,333.33333,0.00,0.00
Pre-loaded Data for Run Thread Group:Transaction Controller (Load Data of Attribute and Tags for Paramteric Search 3),1,50,50,50,50,50,50,50,0.000%,20.00000,0.00,0.00
Process Thread Group:Login Controller - Open Application ,10,2041,845,2671,2671,9981,684,9981,0.000%,.68592,63.19,6.30
Process Thread Group:Transaction Controller - Simple Search (case 1),10,38792,37933,42809,42809,47146,31686,47146,0.000%,.19124,33.70,0.43
TOTAL,23,17756,2671,42808,42809,47146,3,47146,0.000%,.43371,50.60,2.15
