Label,# Samples,Average,Median,90% Line,95% Line,99% Line,Min,Max,Error %,Throughput,Received KB/sec,Sent KB/sec
Pre-loaded Data for Run Thread Group:Transaction Controller (Load Data of Attribute and Tags for Save Article),1,48,48,48,48,48,48,48,0.000%,16.66667,0.00,0.00
Pre-loaded Data for Run Thread Group:Transaction Controller (Load Data of Attribute and Tags for Paramteric Search 2),1,12,12,12,12,12,12,12,0.000%,43.47826,0.00,0.00
Pre-loaded Data for Run Thread Group:Transaction Controller (Load Data of Attribute and Tags for Paramteric Search 3),1,98,98,98,98,98,98,98,0.000%,10.20408,0.00,0.00
Process Thread Group:Login Controller - Open Application ,20,5279,3343,6844,7087,43310,714,43310,0.000%,.36069,32.49,3.31
Process Thread Group:Transaction Controller - Simple Search (case 1),20,61459,59277,83197,85350,89456,29961,89456,0.000%,.19248,33.02,0.43
TOTAL,43,31045,7087,79374,83197,89456,12,89456,0.000%,.41044,49.95,2.18
