Label,# Samples,Average,Median,90% Line,95% Line,99% Line,Min,Max,Error %,Throughput,Received KB/sec,Sent KB/sec
Pre-loaded Data for Run Thread Group:Transaction Controller (Load Data of Attribute and Tags for Save Article),1,8,8,8,8,8,8,8,0.000%,125.00000,0.00,0.00
Pre-loaded Data for Run Thread Group:Transaction Controller (Load Data of Attribute and Tags for Paramteric Search 2),1,2,2,2,2,2,2,2,0.000%,333.33333,0.00,0.00
Pre-loaded Data for Run Thread Group:Transaction Controller (Load Data of Attribute and Tags for Paramteric Search 3),1,53,53,53,53,53,53,53,0.000%,18.86792,0.00,0.00
Process Thread Group:Login Controller - Open Application ,10,1154,817,1885,1885,1962,675,1962,0.000%,1.52230,140.25,13.98
Process Thread Group:Transaction Controller - Simple Search (case 1),10,41489,40711,45039,45039,49541,35954,49541,0.000%,.19995,35.24,0.45
TOTAL,23,18543,1885,44516,45039,49541,2,49541,0.000%,.45321,52.88,2.25
