Label,# Samples,Average,Median,90% Line,95% Line,99% Line,Min,Max,Error %,Throughput,Received KB/sec,Sent KB/sec
Pre-loaded Data for Run Thread Group:Transaction Controller (Load Data of Attribute and Tags for Save Article),1,10,10,10,10,10,10,10,0.000%,100.00000,0.00,0.00
Pre-loaded Data for Run Thread Group:Transaction Controller (Load Data of Attribute and Tags for Paramteric Search 2),1,5,5,5,5,5,5,5,0.000%,166.66667,0.00,0.00
Pre-loaded Data for Run Thread Group:Transaction Controller (Load Data of Attribute and Tags for Paramteric Search 3),1,42,42,42,42,42,42,42,0.000%,23.80952,0.00,0.00
Process Thread Group:Login Controller - Open Application ,20,12247,3259,34896,40017,62188,656,62188,0.000%,.25377,22.86,2.33
Process Thread Group:Transaction Controller - Simple Search (case 1),20,44490,41336,61649,69190,76233,18178,76233,0.000%,.20775,35.64,0.46
TOTAL,43,26391,32141,60280,62188,76233,5,76233,0.000%,.44324,53.94,2.35
