Label,# Samples,Average,Median,90% Line,95% Line,99% Line,Min,Max,Error %,Throughput,Received KB/sec,Sent KB/sec
Pre-loaded Data for Run Thread Group:Transaction Controller (Load Data of Attribute and Tags for Save Article),1,7,7,7,7,7,7,7,0.000%,142.85714,0.00,0.00
Pre-loaded Data for Run Thread Group:Transaction Controller (Load Data of Attribute and Tags for Paramteric Search 2),1,2,2,2,2,2,2,2,0.000%,333.33333,0.00,0.00
Pre-loaded Data for Run Thread Group:Transaction Controller (Load Data of Attribute and Tags for Paramteric Search 3),1,127,127,127,127,127,127,127,0.000%,7.87402,0.00,0.00
Process Thread Group:Login Controller - Open Application ,100,41573,18043,112509,145427,158880,638,196959,0.000%,.43957,40.50,4.04
Process Thread Group:Transaction Controller - Simple Search (case 1),100,304620,313367,383120,405081,412490,137630,421799,0.000%,.22756,39.46,0.51
TOTAL,203,170539,145427,369710,383120,409530,2,421799,0.000%,.46120,60.33,2.59
