Label,# Samples,Average,Median,90% Line,95% Line,99% Line,Min,Max,Error %,Throughput,Received KB/sec,Sent KB/sec
Pre-loaded Data for Run Thread Group:Transaction Controller (Load Data of Attribute and Tags for Save Article),1,8,8,8,8,8,8,8,0.000%,111.11111,0.00,0.00
Pre-loaded Data for Run Thread Group:Transaction Controller (Load Data of Attribute and Tags for Paramteric Search 2),1,4,4,4,4,4,4,4,0.000%,250.00000,0.00,0.00
Pre-loaded Data for Run Thread Group:Transaction Controller (Load Data of Attribute and Tags for Paramteric Search 3),1,139,139,139,139,139,139,139,0.000%,7.19424,0.00,0.00
Process Thread Group:Login Controller - Open Application ,100,48190,22189,131859,167464,211498,632,235467,0.000%,.37867,34.89,3.48
Process Thread Group:Transaction Controller - Simple Search (case 1),100,279691,282288,375963,390931,419508,94424,426582,0.000%,.23120,40.09,0.52
TOTAL,203,161518,160911,343084,375963,406430,4,426582,0.000%,.46855,61.29,2.63
