Label,# Samples,Average,Median,90% Line,95% Line,99% Line,Min,Max,Error %,Throughput,Received KB/sec,Sent KB/sec
Pre-loaded Data for Run Thread Group:Transaction Controller (Load Data of Attribute and Tags for Save Article),1,8,8,8,8,8,8,8,0.000%,125.00000,0.00,0.00
Pre-loaded Data for Run Thread Group:Transaction Controller (Load Data of Attribute and Tags for Paramteric Search 2),1,4,4,4,4,4,4,4,0.000%,250.00000,0.00,0.00
Pre-loaded Data for Run Thread Group:Transaction Controller (Load Data of Attribute and Tags for Paramteric Search 3),1,128,128,128,128,128,128,128,0.000%,7.81250,0.00,0.00
Process Thread Group:Login Controller - Open Application ,100,46965,17682,128921,172561,231517,643,248097,0.000%,.36759,33.87,3.38
Process Thread Group:Transaction Controller - Simple Search (case 1),100,287963,293615,363585,371029,392462,136297,402352,0.000%,.22749,39.45,0.51
TOTAL,203,164990,172561,342739,363585,385940,4,402352,0.000%,.46046,60.23,2.59
