Label,# Samples,Average,Median,90% Line,95% Line,99% Line,Min,Max,Error %,Throughput,Received KB/sec,Sent KB/sec
Pre-loaded Data for Run Thread Group:Transaction Controller (Load Data of Attribute and Tags for Save Article),1,7,7,7,7,7,7,7,0.000%,125.00000,0.00,0.00
Pre-loaded Data for Run Thread Group:Transaction Controller (Load Data of Attribute and Tags for Paramteric Search 2),1,2,2,2,2,2,2,2,0.000%,333.33333,0.00,0.00
Pre-loaded Data for Run Thread Group:Transaction Controller (Load Data of Attribute and Tags for Paramteric Search 3),1,121,121,121,121,121,121,121,0.000%,8.26446,0.00,0.00
Process Thread Group:Login Controller - Open Application ,100,44479,18459,111602,130725,179196,597,229686,0.000%,.38856,35.80,3.57
Process Thread Group:Transaction Controller - Simple Search (case 1),100,297252,301536,367324,397309,405965,133091,418984,0.000%,.22794,39.53,0.51
TOTAL,203,168341,154124,348814,367324,403887,2,418984,0.000%,.46190,60.42,2.60
